,No,RT [min],Molecular_Weight,m/z,HMDB_ID,Compound_name,Chemical Formula,Monoisotopic_Mass,Delta(ppm),Adduct,Score (QI),Fragmentation Score (QI),Isotope Similarity (QI),mzCloud Best Match (Thermo),mzVault Best Match (Thermo),diseased1_M,diseased2_M,diseased3_M,diseased4_M,control1_M,control2_M,control3_M,control4_M,AVE(diHF),AVE(CT),FC(diHF/CT),log2FC,t-statistic,p-value,label
1,6,1.193,76.01482,75.00754,HMDB0037026,"3,4-Dimethyl-1,2-cyclopentanedione",C7H10O2,126.0680796,16,[M-H]-,,,,100.0,98.3,491.7628495369392,727.6814440657421,648.0991140013891,491.8195491197084,9.58009366271828,626.1903551228849,30.741669013068407,828.708341890713,887.4174596599929,412.33075741605086,0.1542079917771158,0.0821525030794059,0.2345505756757965,0.5707297307674528,control
2,2201,0.816,214.02422,213.01685,HMDB0001031,Deoxyribose 5-phosphate,C5H11O7P,214.0242392,0,[M-H]-,48.4,43.3,99.08,,,19432.790208321676,33605.705340345674,27436.52238131655,43459.647622647746,33943.64918971155,15198.25409344065,22070.361284277373,31322.740622185127,30983.666388157915,25633.751297403676,1.2087058982777954,0.27346325144222383,0.803834927385859,0.4521548484667649,control
3,2100,2.379,208.08454,207.07726,HMDB0000684,Kynurenine,C10H12N2O3,208.0847923,1,[M-H]-,46.3,35.6,96.67,,94.7,44.2769860089552,683.6095992121387,6713.933510900566,4651.186004696167,2738.8623487943696,708.300290302494,996.2392357624725,1237.9488130732202,3023.251525204457,1420.337671983139,2.128544208070788,1.0898670539919122,0.9654509520514262,0.3716035689065749,control
4,2043,5.067,205.07369,204.06642,HMDB0000671,Indolelactic acid,C11H11NO3,205.0738932,1,[M-H]-,50.2,54.5,97.49,68.1,95.7,122.50150983102077,107.51059808574749,221.6306364356745,199.35780856417952,129.4286674409325,58.50693692696153,82.487967437559,134.10631357313775,162.75013822915557,101.1324713446477,1.6092767838582924,0.6864124804169721,1.834985311495324,0.11618274962536977,control
5,4490,3.575,312.07878,311.0715,HMDB0242140,Acetaminophen mercapturate,C13H16N2O5S,312.0779928,2,[M-H]-,53.1,71.3,96.95,,,236.38939985759703,87.41907393486974,36.6170759479851,72.28398002153625,82.11529126085324,44.536054606968,97.45111349315701,30.86950437993877,108.17738244049703,63.74299093522926,1.6970867048020792,0.7630602745992062,0.9509207974134718,0.37836078262943446,control
6,2405,7.538,222.08917,221.08189,HMDB0037130,Piperonyl isobutyrate,C12H14O4,222.0892089,0,[M-H]-,42.3,13.9,97.82,67.1,46.8,4.759952379629572,3.994664505565785,435.82371926566424,197.210054132967,5.348787399156158,5.542965394240162,4.416341871143722,12.7310755977522,160.44709757095666,7.00979256557306,22.888993657095455,4.516582129304184,1.4977275219108825,0.18485220682737022,control
7,2394,3.703,221.07217,220.06489,HMDB0062182,N-lactoyl-Methionine,C8H15NO4S,221.0721791,0,[M-H]-,44.8,30.0,94.13,,,20.318546452339426,310.8368382491603,1134.9181927215225,755.1972318985574,929.3362675886099,262.80720389980576,73.73306640664696,142.762878780177,555.3177023303949,352.1598541688099,1.5768909935548763,0.6570829337534857,0.6466671215024947,0.5417788756586526,control
8,2350,4.161,219.05315,218.04587,HMDB0060426,8-Methoxykynurenate,C11H9NO4,219.0531578,0,[M-H]-,44.4,24.8,97.57,,,1883.4803397908402,1828.080530789565,3760.905238536555,3038.347447273095,4945.00814021283,470.83158609133574,7155.819475346864,1172.1756417477375,2627.7033890975135,3435.9587108496917,0.7647657059440328,-0.3869102642645319,-0.4897967923175185,0.641669616268017,control
9,2336,1.247,218.09003,217.08275,HMDB0006248,gamma-Glutamylalanine,C8H14N2O5,218.0902716,1,[M-H]-,50.9,61.4,94.18,,,7.4180073900324235,6.619698304676272,9156.005785401674,4870.6130111430375,7.617639757131824,8.89831247393835,6.797610857532473,188.36402753057848,3510.164125559855,52.91939765479528,66.3303869869687,6.051598037807011,1.5685760980447199,0.1677953396702065,control
10,2269,9.078,216.17244,215.16516,HMDB0002059,12-Hydroxydodecanoic acid,C12H24O3,216.1725446,1,[M-H]-,,,,,68.3,12.841127406703576,15.240481148220525,658.9249053293024,376.61749806432,10.060816395835651,5.59418254265319,16.280973725806575,189.70621613135475,265.9060029871366,55.41054719891254,4.7988337316465834,2.2626838279146133,1.2936723575842666,0.24334494019859798,control
11,2239,5.643,215.15206,214.14478,HMDB0253144,Hexaminolevulinate,C11H21NO3,215.1521435,0,[M-H]-,45.7,31.8,97.3,,,67.23504023928923,6.427364116631738,7.30135637071713,8.538383233915274,11.19686599041165,7.960337925415349,19.885250089066872,7.331189845030012,22.375535990138342,11.59341096248097,1.9300218082970482,0.9486171493297517,0.7076658468789216,0.5056981058035666,control
12,2875,9.749,242.18838,241.1811,HMDB0030982,6-Ketomyristic acid,C14H26O3,242.1881947,1,[M-H]-,46.3,42.1,90.47,,,279.5955762841954,313.86702510276984,638.7358942900784,629.0610991405822,870.1014956247705,627.5381379137325,160.83264077844106,338.0661673584111,44.73889045853008,789.1928367693934,0.4657981480497126,0.9322157994580108,0.844612208917974,0.0437534213275182,control
13,2866,4.182,/,241.11963,HMDB0252174,Fasoracetam,C10H16N2O2,196.1211778,1,[M+FA-H]-,51.4,60.6,98.23,,,35.95829334013578,698.9767959345643,696.2859764842879,348.2351233653511,318.4287481471698,464.2919404208721,497.9210625967526,651.9104362130505,421.3724157423708,-50.0035207889809,0.7090212148312037,0.1792074561248371,0.4921706653474293,0.4659215822343814,control
14,2828,7.126,240.09987,239.0926,HMDB0061112,3-Carboxy-4-methyl-5-propyl-2-furanpropionic acid,C12H16O5,240.0997736,0,[M-H]-,45.5,30.1,97.98,,87.7,396.8478894289282,388.238531036229,1352.502655411995,946.3265059529849,1147.6944344977426,109.80582180827025,352.6586868773737,328.6699940556105,770.9788954575342,484.7072343097493,1.5906073623090278,0.6695777537342644,0.8774611505389397,0.41398647802738725,control
15,2639,2.944,231.02026,230.01299,HMDB0059994,Benzeneacetamide-4-O-sulphate,C8H9NO5S,231.0201431,1,[M-H]-,50.4,59.1,93.91,,,672.182296962586,313.86702510276984,709.3602363179338,92.58398410110946,284.915078052139,758.2935810828587,621.6513104200528,436.3015793553252,135.44903772565843,244.11511569988687,0.4461122400556057,2.01406319900263,0.9959537686892296,0.4524508470832333,control
16,2626,3.044,230.16325,229.15598,HMDB0029131,Valylleucine,C11H22N2O3,230.1630426,1,[M-H]-,46.5,38.1,95.03,,,476.44426349173074,698.9767959345643,812.9355225436672,255.63536440821645,724.1528473893783,587.3755340587638,483.6134818174611,107.16681789868088,619.0010320508502,699.4004713469736,0.6277232662910506,0.0386961843217552,0.4724916048978009,0.3068655634937974,control
17,2340,4.524,/,217.10809,HMDB0094711,9-Oxo-nonanoic acid,C9H16O3,172.1099444,0,[M+FA-H]-,47.4,39.1,98.03,,,940.63002415907,965.2617936867892,399.12015632936914,220.11175167998357,147.7453486426049,584.0960088419622,687.3135749678194,215.66407781257945,192.6452724223928,62.1824253066886,0.9456380944649588,0.5989808574141441,0.8901288889637431,0.0633846689584912,control
18,2336,1.247,218.09003,217.08275,HMDB0006248,gamma-Glutamylalanine,C8H14N2O5,218.0902716,1,[M-H]-,50.9,61.4,94.18,,,150.24435522110568,313.86702510276984,940.301391505667,399.7877073020118,445.8673108899195,578.4994410220679,908.4667821550242,209.2530832562228,930.5457861949864,75.78884675095932,0.4663867854094136,0.4417917876726857,0.6801088740432971,0.4304478330044202,control
19,1938,6.517,200.14094,199.13366,HMDB0032662,9-Hydroxy-10-undecenoic acid,C11H20O3,200.1412445,1,[M-H]-,39.8,7.17,93.4,,,217.8425949179055,5.34064708588455,2.9559536845683674,7.141125697520476,7.551244525318725,28.437468252058874,2.0026499228711847,1.337413027786335,58.320080346469716,9.83219393200878,5.931542924169576,2.5684074301525888,0.9053073951861002,0.4001935519843578,control
20,2269,9.078,216.17244,215.16516,HMDB0002059,12-Hydroxydodecanoic acid,C12H24O3,216.1725446,1,[M-H]-,,,,,68.3,367.3819551021319,698.9767959345643,837.1039907268153,946.7442950813024,260.17361394373995,397.6253430370369,968.8655679486918,967.4030141769168,33.46844277659755,159.38924165101798,0.9039841367710352,0.8162033388771917,2.06644181407655,0.5662291305201068,control
21,1939,11.218,200.17726,199.16999,HMDB0000638,Dodecanoic acid,C12H24O2,200.17763,2,[M-H]-,,,,92.4,85.6,301.22115561825075,263.14674723596545,310.0427531660393,293.08927118742895,275.74323709331173,122.5484274644235,437.1615175929405,39.3267454162974,291.87498180192114,218.69498189174328,1.3346213035029897,0.4164304377458401,0.828408034703349,0.43914198160888074,control
22,1990,2.721,202.13151,201.12424,HMDB0028691,Alanylleucine,C9H18N2O3,202.1317424,1,[M-H]-,43.8,23.8,96.64,,62.2,2519.4005594745677,4.423111859848283,1.5040628195873698,1.55585439815046,1.9454735689222498,2.14597116683379,1.6203705121505398,1.47205627636494,631.7208971380385,1.79596788106788,351.7439837300532,8.458381937424036,1.0011092769740195,0.35542290508559926,control
23,2816,0.751,240.02379,239.01652,HMDB0000192,Cystine,C6H12N2O4S2,240.0238483,0,[M-H]-,38.9,9.49,85.51,71.8,80.1,759.1997942370376,102.84448293656175,6.221184670416015,169.11889651826624,21.86721891914025,2.87457039330753,527.8199392477761,5.249343783133019,259.3460895905704,139.4527680858392,1.8597414246444477,0.8951020453570946,0.5611037844049012,0.5950454435493406,control
24,2774,1.29,238.09879,237.09152,HMDB0040286,Benzyl cinnamate,C16H14O2,238.0993797,2,[M-H]-,,,,51.1,75.3,18.593514783352198,21.4079736292578,56.6510631380037,58.86971469621465,30.337324047738,18.485938104467625,7.60934111468025,24.215995640565154,38.88056656170709,20.162149726862758,1.9283939008698618,0.9473997718937208,1.5668825606993892,0.16818515003205675,control
25,2758,4.934,237.10023,236.09295,HMDB0062175,N-Lactoylphenylalanine,C12H15NO4,237.100108,1,[M-H]-,45.6,30.4,98.42,,,2556.2015770357275,3047.36046788028,5497.67640815634,4502.150293336935,3094.6183252700775,1547.5358364046874,1260.6432288945225,2068.6914906469424,3900.84718660232,1992.8722203040575,1.957399549684705,0.9689382728342382,2.429339713436735,0.05120839392139677,control
26,2727,5.92,/,234.07728,HMDB0014970,Phensuximide,C11H11NO2,189.0789786,1,[M+FA-H]-,43.7,20.6,98.56,,,2418.59922370707,8148.254145243599,10559.394160845899,9279.042542034302,6612.887763928628,1391.5173797929724,2235.568439010113,10433.289264254176,7601.3225179577175,5168.3157117464725,1.4707542924828572,0.5565562468476445,0.8815944452397015,0.4119168613601943,control
27,2914,1.271,244.06962,243.06234,HMDB0000296,Uridine,C9H12N2O6,244.0695361,2,[M-H]-,49.6,52.0,98.38,54.9,94.4,71.57739270208867,277.9131870291967,797.9006345637899,639.9772802493862,276.356079318474,61.5268992328803,93.47034906326775,373.8317210680125,446.8421236361154,201.29626217065862,2.219823253634404,1.150444811144616,1.3508870664586325,0.2254483161486069,control
28,2903,6.791,243.18361,242.17634,HMDB0013286,N-Undecanoylglycine,C13H25NO3,243.1834437,1,[M-H]-,42.5,15.6,97.66,,,2793.182939873858,414.5289083131612,1016.7764989746901,3411.16943044704,40.431662090276326,3391.980512711055,33.2913752744691,891.075540674505,1908.9144444021872,1089.1947726875762,1.75259236664528,0.8094904804068068,0.769294045285723,0.47090842605870376,control
29,2901,1.33,/,242.10114,HMDB0036074,Tenuazonic acid,C10H15NO3,197.1051934,11,[M+FA-H]-,41.2,27.5,90.72,,,48.7654085542932,28.18640211770947,211.1647438706745,136.72644083583975,59.800215759145495,39.42321632486407,55.91020699262062,138.1046982625005,106.21074884462922,73.30958433478267,1.4487975864055769,0.5348560479747071,0.6914918387858442,0.5151073049485071,control
30,2898,0.768,243.08719,242.07986,HMDB0000089,Cytidine,C9H13N3O5,243.0855205,7,[M-H]-,,,,47.2,70.3,52.79626873213245,203.92568518187252,169.72582995959326,189.179657807274,190.86516595315726,41.87014544788793,40.7987221198752,35.7818891830185,153.90686042021807,77.32898067598472,1.9902869412581738,0.9929764402602098,1.496356852285442,0.18519769500994276,control
31,2866,4.182,/,241.11963,HMDB0252174,Fasoracetam,C10H16N2O2,196.1211778,1,[M+FA-H]-,51.4,60.6,98.23,,,23.03323841864055,79.62838338973725,57.49503867991184,44.88425252190555,59.42302302967177,14.279436295766551,16.00511463283695,34.612574693954926,51.2602282525488,31.08003716305755,1.6492975212229761,0.7218516738969233,1.2749569803879224,0.24946774638301455,control
32,2653,1.422,232.10588,231.09864,HMDB0028766,Aspartyl-Valine,C9H16N2O5,232.1059216,1,[M-H]-,46.9,37.8,97.39,,,13.27927907804565,6.709439308185001,57.11850368951565,38.777166686043,20.83905557608402,8.255839721571299,3.950654391451118,32.23556480472143,28.971097190447328,16.320278623456964,1.7751594723883866,0.8279486357099076,0.9513398500708226,0.3781645695176115,control
33,2639,2.944,231.02026,230.01299,HMDB0059994,Benzeneacetamide-4-O-sulphate,C8H9NO5S,231.0201431,1,[M-H]-,50.4,59.1,93.91,,,73102.3200645381,22407.4722704484,14150.6018113533,18292.59247637085,6479.3209090527225,11261.9640516117,10206.1755792984,329.03944264374746,31988.24665567766,7069.124995651643,4.5250645129848825,2.177938360571512,1.77650073193929,0.12598539310025483,control
34,2623,7.252,230.15188,229.14461,HMDB0000623,Dodecanedioic acid,C12H22O4,230.1518092,0,[M-H]-,47.7,42.0,96.98,77.6,91.5,11.768631399428925,18.677152515696,382.686671368599,215.142295892829,27.723464886491627,12.695587929764926,90.4949145065415,177.3464210677095,157.0686877941382,77.06509709762689,2.0381300187705196,1.0272460885264179,0.8305104331770096,0.4380413739555849,control
35,2042,1.26,205.04053,204.03325,HMDB0000881,Xanthurenic acid,C10H7NO4,205.0375077,15,[M-H]-,38.6,17.7,90.6,,,77.16576698032276,688.7121986891955,923.25320807403,669.0633139290766,216.98830018230527,58.04404247737088,123.45990221808898,235.0850672393535,589.5486219181562,158.39432802927965,3.7220311437488873,1.896090127063936,2.3306878672144804,0.058585557132575204,control
36,2023,3.201,204.08957,203.08227,HMDB0000929,Tryptophan,C11H12N2O2,204.0898776,2,[M-H]-,49.6,51.9,98.28,98.1,97.7,608.3812013769532,121.62876593761276,78.70456228688175,140.06420571778648,153.60359645459476,39.15736900433168,190.557461086965,92.01902508644325,237.19468382980858,118.83436290808368,1.9960109014366036,0.9971196001368859,0.9188642765157329,0.393606065090547,control
37,2018,1.413,/,203.04926,HMDB0029058,Threonylcysteine,C7H14N2O4S,222.0674281,1,[M-H2O-H]-,45.7,38.6,91.75,,,1.2848313645987974,1.35975079633023,250.27276456877775,138.8860313765145,2.06347893692676,1.90298954670402,2.15589840527133,4.425564317232945,97.95084452655531,2.636982801533764,37.145044885989996,5.21509786432676,1.582057025073494,0.16472276129970753,control
38,2010,4.766,204.009,203.00172,HMDB0240662,3-Methylcatechol 1-sulfate,C7H8O5S,204.0092445,2,[M-H]-,44.4,31.1,92.87,,84.0,117.95673779389575,175.6459236794355,163.83576241222573,147.82717865758576,304.7739889385092,41.14079600188035,28.95137533715685,69.8288656172379,151.31640063578567,111.17375647369607,1.3610802174485075,0.4447520968968239,0.6055787784613805,0.566980170634148,control
39,2003,4.636,203.1155,202.10822,HMDB0062176,N-Lactoylleucine,C9H17NO4,203.115758,1,[M-H]-,41.8,11.2,99.06,,,3.497062711586205,508.9724755715513,385.1083259765543,465.48940238046896,7.714377418406251,4.509377150123768,563.3918774168145,3.197066777422538,340.76681666004015,144.70317469069175,2.3549366998232175,1.235688281036152,1.0829788963533171,0.32040823201493795,control
40,1986,6.037,202.12024,201.11296,HMDB0000792,Sebacic acid,C10H18O4,202.1205091,1,[M-H]-,45.8,33.6,96.85,,60.8,721.6508230751444,5.83321976388318,5.957881544786723,5.6630565202385705,6.8021680882265025,7.9457442303731245,5.693367502505542,6.63760572081072,184.77624522601323,6.769721385478972,27.29451253671349,4.770539026551435,0.9946788029429804,0.358298773432353,control
41,2239,5.643,215.15206,214.14478,HMDB0253144,Hexaminolevulinate,C11H21NO3,215.1521435,0,[M-H]-,45.7,31.8,97.3,,,993.2036488791836,809.6659779232662,390.9556862978526,787.7133735008497,828.6954555585909,162.49022748712704,604.1979500404121,996.9758258713948,696.6774459357457,319.595001970959,0.4170605795134791,0.2295799727339922,0.2469655587815367,0.1201548791854231,control
42,2648,4.864,/,230.99694,HMDB0001474,"3,4-Dihydroxyphenylglycol O-sulfate",C8H10O7S,250.0147234,0,[M-H2O-H]-,48.3,48.2,93.96,,,809.8132811486269,965.2617936867892,623.4774984901271,302.1887120786706,96.13731473127196,592.8832060452771,578.1857624511747,86.34331548192775,893.3886984798288,682.9895344187114,0.5290981144229959,0.6315854842266875,0.1657871655357528,0.1208886527224003,control
43,2201,0.816,214.02422,213.01685,HMDB0001031,Deoxyribose 5-phosphate,C5H11O7P,214.0242392,0,[M-H]-,48.4,43.3,99.08,,,8.060077381192965,313.86702510276984,423.6384999927215,600.6877258499896,577.2709558087275,180.31121131830207,629.0520722920979,743.4385090738767,83.87070810579544,188.15288044296764,0.4951703880308377,0.2166937269908727,0.7518341488921827,0.5983486174836065,control
44,371,3.808,129.02395,128.01667,HMDB0012882,Adipate semialdehyde,C6H10O3,130.0629942,7,[M-H]-,44.0,38.8,88.99,,,940.63002415907,234.4492018088752,399.12015632936914,220.11175167998357,147.7453486426049,584.0960088419622,687.3135749678194,215.66407781257945,192.6452724223928,60.1824253066886,0.9456380944649588,0.5989808574141441,0.8901288889637431,0.0633846689584912,control
45,2208,5.527,214.12037,213.1131,HMDB0030985,alpha-Carboxy-delta-decalactone,C11H18O4,214.1205091,1,[M-H]-,46.7,39.2,95.13,,,892.7375557684652,965.2617936867892,595.3558650756058,687.5097944601538,394.1605870012132,943.9722685702104,26.61092244334906,304.1396607471573,695.9387351444203,533.0648030059801,2.03507867631241,0.3499281024264695,0.2780023394824557,0.6104332505428841,control
46,318,0.807,125.99766,124.9904,HMDB0000139,Glyceric acid,C3H6O4,106.0266087,8,[M-H]-,42.9,30.9,92.0,,,367.3819551021319,136.02343160285534,837.1039907268153,946.7442950813024,260.17361394373995,397.6253430370369,968.8655679486918,967.4030141769168,33.46844277659755,159.38924165101798,0.9039841367710352,0.8162033388771917,0.0664418140765499,0.5662291305201068,control
47,259,0.756,119.05717,118.04989,HMDB0000011,3-Hydroxybutyric acid,C4H8O3,104.0473441,9,[M-H]-,47.6,49.7,98.04,41.9,98.1,993.2036488791836,455.322913481754,390.9556862978526,787.7133735008497,828.6954555585909,162.49022748712704,604.1979500404121,996.9758258713948,696.6774459357457,317.595001970959,0.4170605795134791,0.2295799727339922,0.2469655587815367,0.1201548791854231,control
48,251,2.46,118.06198,117.0547,HMDB0000710,4-Hydroxybutyric acid,C4H8O3,104.0473441,9,[M-H]-,38.5,5.4,96.65,,81.1,892.7375557684652,443.5209993879345,595.3558650756058,687.5097944601538,394.1605870012132,943.9722685702104,26.61092244334906,304.1396607471573,695.9387351444203,533.0648030059801,0.0350786763124112,0.3499281024264695,0.2780023394824557,0.6104332505428841,control
49,249,3.274,118.06195,117.05467,HMDB0003407,Diacetyl,C4H6O2,86.03677944,9,[M-H]-,39.1,6.58,98.43,30.6,67.7,8.060077381192965,945.257498220422,423.6384999927215,600.6877258499896,577.2709558087275,180.31121131830207,629.0520722920979,743.4385090738767,83.87070810579544,188.15288044296764,0.4951703880308377,0.2166937269908727,0.7518341488921827,0.5983486174836065,control
50,231,0.839,117.07791,116.07064,HMDB0000112,gamma-Aminobutyric acid,C4H9NO2,103.0633285,9,[M-H]-,41.7,20.8,97.62,92.3,87.6,170.1582612048582,809.7085184880334,688.5167093580199,696.7260527780824,921.5713120393888,851.7583252491256,133.39656985231306,463.54679441764137,558.7986767217182,608.1665350128638,0.8635033098432919,0.7928056780366745,0.4758059392285092,0.00470476564571253,control
51,208,1.387,116.00995,115.00266,HMDB0000056,beta-Alanine,C3H7NO2,89.04767847,9,[M-H]-,40.5,12.9,99.19,68.0,78.7,152.35883184217855,391.5276168693823,71.6208524378229,602.8984217113656,875.5339690962824,388.038845253622,263.78630780754963,252.6104484684334,164.08467991916677,605.2605125089374,0.9117312995090072,0.1160249315579177,0.9714817054488982,0.2965146070208959,control
52,170,1.248,112.02613,111.01886,HMDB0000243,Pyruvic acid,C3H4O3,88.01604399,10,[M-H]-,37.9,2.03,98.05,93.6,87.5,460.2572833204276,879.130632343059,398.27710082673326,280.2923335628826,83.52090609532192,419.2867795037065,113.00271773865734,746.4189665704752,991.5320324327088,684.1097501034156,0.7778848382928794,0.7537420467576273,0.7086374983386123,0.4565727519128164,control
53,157,2.878,/,107.04922,HMDB0000115,Glycolic acid,C2H4O3,76.01604399,8,[M-H2O-H]-,38.8,5.7,97.3,,,279.5955762841954,940.927724735624,638.7358942900784,629.0610991405822,870.1014956247705,627.5381379137325,160.83264077844106,338.0661673584111,44.73889045853008,789.1928367693934,0.4657981480497126,0.9322157994580108,0.844612208917974,0.0437534213275182,control
54,147,0.827,106.02545,105.01821,HMDB0003903,2-Hydroxyethanesulfonate,C2H6O4S,125.9986794,11,[M-H]-,46.7,47.1,98.03,,,975.8162439768682,279.8101843256906,129.2108211046108,717.3154618090996,683.7826229721568,228.1411581543872,140.5700376922173,104.80564909157542,565.64534673862,570.1342918571456,0.7628746451813333,0.2625831992764053,0.6181968235949339,0.2804208852915968,control
55,139,1.858,104.04627,103.03899,HMDB0000167,Threonine,C4H9NO3,119.0582432,10,[M-H]-,44.0,31.8,99.64,78.8,87.2,723.0103364748383,506.9785168343811,704.5064163383155,554.7877360428472,47.986101894058606,766.2279894509898,933.0360622316454,933.6653801604102,426.985193012575,952.9307393048036,0.4596535219071054,0.0815459411108949,0.8781326586606973,0.2523197671176609,control
56,138,1.508,104.04626,103.03898,HMDB0061927,5-Hydroxypentanoic acid,C5H10O3,118.0629942,10,[M-H]-,47.6,50.4,99.1,,77.3,670.8529570294538,651.4693461528825,869.0698593124991,799.3329609328483,652.8088331584299,400.4936269675864,79.66499220767054,545.7263133126896,551.8915948056488,614.1526667121548,0.4779242214120502,0.1187301077180714,0.0884978290902155,0.6965310853092123,control
57,133,0.816,104.01057,207.01439,HMDB0000202,Methylmalonic acid,C4H6O4,118.0266087,1,[2M-H]-,43.6,20.9,98.55,,,816.2331690975824,859.7445632126332,398.75035079491374,852.0515578402288,199.03468994319292,36.640778236092686,878.4807052810718,877.4620308531955,703.6409454862081,584.9716791909414,0.3387298542934603,0.337190922321979,0.1875358889198866,0.5463748008166975,control
58,125,0.754,103.06224,102.05489,HMDB0003355,5-Aminopentanoic acid,C5H11NO2,117.0789786,11,[M-H]-,43.0,28.3,98.63,97.3,88.4,558.5205887582092,35.640674535857954,831.1437010700857,747.4376063897754,178.97400864807855,198.27070692040223,932.7471103568488,109.72109494369896,374.9756821099945,170.0081450650276,0.8896061706921196,0.4606185049313599,0.6616822073850368,0.6972821537344892,control
59,118,1.316,102.03059,101.02331,HMDB0000532,Acetylglycine,C4H7NO3,117.0425931,11,[M-H]-,38.1,5.49,96.5,,,593.7958333938694,252.14683002219465,852.8321781593521,483.6410873906429,623.4706035585817,326.37749899390656,896.8272284821256,355.570327900026,579.6816290101218,468.5124986935506,0.00319440188219499,0.0976285386183855,0.980021778665773,0.0126016373201202,control
60,62,0.907,90.03048,89.0232,HMDB0000720,Levulinic acid,C5H8O3,116.0473441,13,[M-H]-,39.1,9.86,99.92,99.6,88.9,517.0889941915816,182.4726449719845,351.0096495559234,681.1333239011585,209.6667457187017,117.52091827891142,641.5985332210863,665.1141701511734,595.9574977076518,299.181648935103,0.4066163540763643,0.3802393465675564,0.3899098093831682,0.2632392869515222,control
61,49,1.457,89.04652,88.03924,HMDB0000134,Fumaric acid,C4H4O4,116.0109586,13,[M-H]-,40.3,17.8,97.13,,86.8,177.26074578479478,176.1831708887307,356.5381225713595,374.9164053556577,684.5184095435661,717.413803822366,56.48928582388957,215.3120248159112,234.6003746202011,751.3813289477071,0.3001781946557134,0.2084776307548971,0.4428450514828698,0.4598246727605193,control
62,41,0.873,88.01483,87.00756,HMDB0000300,Uracil,C4H4N2O2,112.0272774,14,[M-H]-,41.4,24.1,97.39,,,212.23005247323945,493.5735324841518,213.17888786587343,318.4940060990278,132.51416504923785,317.42620932686816,502.0554064293044,404.0235742634704,642.7077112629423,771.1730601763611,0.4337607589334488,0.678616152167179,0.6020661905252247,0.3880076540150663,control
63,380,1.47,129.07817,128.07087,HMDB0000766,N-Acetylalanine,C5H9NO3,131.0582432,7,[M-H]-,,,,,87.5,476.44426349173074,427.5932247035041,812.9355225436672,255.63536440821645,724.1528473893783,587.3755340587638,483.6134818174611,107.16681789868088,619.0010320508502,699.4004713469736,0.6277232662910506,0.0386961843217552,0.4724916048978009,0.3068655634937974,control
64,393,1.154,130.02564,129.0184,HMDB0033561,"2-Acetyl-4,5-dihydrothiazole",C5H7NOS,129.0248345,7,[M-H]-,40.9,15.1,97.26,,,670.182296962586,809.6659779232662,709.3602363179338,92.58398410110946,282.915078052139,758.2935810828587,621.6513104200528,436.3015793553252,135.44903772565843,244.11511569988687,0.4461122400556057,0.0140631990026324,0.9959537686892296,0.4524508470832333,control
65,325,1.652,126.04199,125.03472,HMDB0002024,Imidazoleacetic acid,C5H6N2O2,126.0429274,7,[M-H]-,,,,74.2,93.5,150.24435522110568,295.5381579904245,938.301391505667,399.7877073020118,445.8673108899195,578.4994410220679,908.4667821550242,209.2530832562228,930.5457861949864,75.78884675095932,0.4663867854094136,0.4417917876726857,0.6801088740432971,0.4304478330044202,control
66,414,1.472,131.0579,130.05062,HMDB0002092,Itaconic acid,C5H6O4,130.0266087,3,[M-H]-,48.4,46.8,99.07,33.3,96.6,35.95829334013578,965.2617936867892,696.2859764842879,348.2351233653511,318.4287481471698,464.2919404208721,497.9210625967526,651.9104362130505,421.3724157423708,451.892167964607,0.7090212148312037,0.1792074561248371,0.4921706653474293,0.4659215822343814,control
67,1583,0.805,/,185.0217,HMDB0000621,Ribulose,C5H10O5,150.0528234,4,[M+Cl]-,40.6,10.4,96.76,,,152.35883184217855,698.9767959345643,73.6208524378229,602.8984217113656,875.5339690962824,388.038845253622,263.78630780754963,252.6104484684334,164.08467991916677,605.2605125089374,0.9117312995090072,0.1160249315579177,0.9714817054488982,0.2965146070208959,control
68,1579,0.894,185.99243,184.98519,HMDB0003391,2-Phosphoglyceric acid,C3H7O7P,185.9929391,3,[M-H]-,42.8,20.3,97.68,47.2,94.6,460.2572833204276,809.6659779232662,398.27710082673326,280.2923335628826,83.52090609532192,419.2867795037065,113.00271773865734,746.4189665704752,991.5320324327088,684.1097501034156,0.7778848382928794,0.7537420467576273,0.7086374983386123,0.4565727519128164,control
69,1578,1.282,185.99239,184.98515,HMDB0000807,3-Phosphoglyceric acid,C3H7O7P,185.9929391,3,[M-H]-,,,,42.6,85.1,279.5955762841954,965.2617936867892,638.7358942900784,629.0610991405822,870.1014956247705,627.5381379137325,160.83264077844106,338.0661673584111,44.73889045853008,789.1928367693934,0.4657981480497126,0.9322157994580108,0.844612208917974,0.0437534213275182,control
70,1530,1.758,183.05273,182.04546,HMDB0000017,4-Pyridoxic acid,C8H9NO4,183.0531578,2,[M-H]-,50.2,55.3,98.52,50.1,95.5,35.95829334013578,313.86702510276984,696.2859764842879,348.2351233653511,318.4287481471698,464.2919404208721,497.9210625967526,651.9104362130505,421.3724157423708,200.944323587813,0.7090212148312037,0.1792074561248371,0.4921706653474293,0.4659215822343814,control
71,1498,4.514,/,163.03948,HMDB0000205,Phenylpyruvic acid,C9H8O3,164.0473441,4,[M-H]-,41.5,12.8,98.81,,,809.8132811486269,809.6659779232662,623.4774984901271,302.1887120786706,96.13731473127196,592.8832060452771,578.1857624511747,86.34331548192775,893.3886984798288,682.9895344187114,0.5290981144229959,0.6315854842266875,0.1657871655357528,0.1208886527224003,control
72,1468,1.281,181.07334,180.06606,HMDB0000158,Tyrosine,C9H11NO3,181.0738932,3,[M-H]-,51.3,69.4,90.37,98.0,96.5,671.182296962586,965.2617936867892,709.3602363179338,92.58398410110946,283.915078052139,758.2935810828587,621.6513104200528,436.3015793553252,135.44903772565843,244.11511569988687,0.4461122400556057,1.01406319900263,0.9959537686892296,0.4524508470832333,control
73,1466,3.244,/,162.05531,HMDB0004186,3-Methyldioxyindole,C9H9NO2,163.0633285,4,[M-H]-,47.8,46.4,97.35,,,476.44426349173074,313.86702510276984,812.9355225436672,255.63536440821645,724.1528473893783,587.3755340587638,483.6134818174611,107.16681789868088,619.0010320508502,699.4004713469736,0.6277232662910506,0.0386961843217552,0.4724916048978009,0.3068655634937974,control
74,1449,0.768,180.06281,179.05554,HMDB0000122,Glucose,C6H12O6,180.0633881,3,[M-H]-,46.5,37.7,98.65,,,940.63002415907,809.6659779232662,399.12015632936914,220.11175167998357,147.7453486426049,584.0960088419622,687.3135749678194,215.66407781257945,192.6452724223928,61.1824253066886,0.9456380944649588,0.5989808574141441,0.8901288889637431,0.0633846689584912,control
75,397,3.996,130.06209,129.05481,HMDB0246561,4-Oxoproline,C5H7NO3,129.0425931,7,[M-H]-,42.2,20.9,97.78,,,809.8132811486269,698.9767959345643,623.4774984901271,302.1887120786706,96.13731473127196,592.8832060452771,578.1857624511747,86.34331548192775,893.3886984798288,682.9895344187114,0.5290981144229959,0.6315854842266875,0.1657871655357528,0.1208886527224003,control
76,1448,3.235,/,359.07843,HMDB0003572,Rosmarinic acid,C18H16O8,360.0845175,3,[M-H]-,,,,,76.2,150.24435522110568,965.2617936867892,939.301391505667,399.7877073020118,445.8673108899195,578.4994410220679,908.4667821550242,209.2530832562228,930.5457861949864,75.78884675095932,0.4663867854094136,0.4417917876726857,0.6801088740432971,0.4304478330044202,control
77,1400,0.826,177.94261,176.93534,HMDB0000250,Pyrophosphate,H4O7P2,177.9432255,4,[M-H]-,42.0,16.4,98.28,,,367.3819551021319,313.86702510276984,837.1039907268153,946.7442950813024,260.17361394373995,397.6253430370369,968.8655679486918,967.4030141769168,33.46844277659755,159.38924165101798,0.9039841367710352,0.8162033388771917,1.06644181407655,0.5662291305201068,control
78,2831,8.917,/,239.12904,HMDB0302242,Neocnidolide,C12H18O2,194.1306798,1,[M+FA-H]-,47.1,40.2,96.43,,,709.4738455211309,1104.5041762876276,866.8141083629025,806.6795298048825,598.9949306430569,465.61106845419454,706.6358948034142,425.7245123933152,871.8679149941358,549.2416015734952,1.5874032711585655,0.6666686835562825,3.0500595103028494,0.022510204493575433,control
79,1354,0.837,175.04746,174.04015,HMDB0000812,N-Acetylaspartic acid,C6H9NO5,175.0480724,3,[M-H]-,47.3,42.8,97.59,41.6,96.2,8.060077381192965,965.2617936867892,423.6384999927215,600.6877258499896,577.2709558087275,180.31121131830207,629.0520722920979,743.4385090738767,83.87070810579544,188.15288044296764,0.4951703880308377,0.2166937269908727,0.7518341488921827,0.5983486174836065,control
80,1389,1.428,/,214.04852,HMDB0000114,Glycerylphosphorylethanolamine,C5H14NO6P,215.0558737,0,[M-H]-,40.5,8.97,93.73,,,993.2036488791836,698.9767959345643,390.9556862978526,787.7133735008497,828.6954555585909,162.49022748712704,604.1979500404121,996.9758258713948,696.6774459357457,318.595001970959,0.4170605795134791,0.2295799727339922,0.2469655587815367,0.1201548791854231,control
81,1318,3.908,173.9982,172.99092,HMDB0304953,O-Phenolsulfonic acid,C6H6O4S,173.9986798,3,[M-H]-,41.0,19.9,88.79,,88.1,279.5955762841954,809.6659779232662,638.7358942900784,629.0610991405822,870.1014956247705,627.5381379137325,160.83264077844106,338.0661673584111,44.73889045853008,789.1928367693934,0.4657981480497126,0.9322157994580108,0.844612208917974,0.0437534213275182,control
82,1321,1.256,174.01584,173.00857,HMDB0000958,Aconitic acid,C6H6O6,174.0164379,3,[M-H]-,45.3,32.9,97.56,35.9,71.9,460.2572833204276,698.9767959345643,398.27710082673326,280.2923335628826,83.52090609532192,419.2867795037065,113.00271773865734,746.4189665704752,991.5320324327088,684.1097501034156,0.7778848382928794,0.7537420467576273,0.7086374983386123,0.4565727519128164,control
83,1323,1.122,174.01593,173.00865,HMDB0001264,Dehydroascorbic acid,C6H6O6,174.0164379,3,[M-H]-,48.6,49.1,97.56,,70.9,152.35883184217855,313.86702510276984,72.6208524378229,602.8984217113656,875.5339690962824,388.038845253622,263.78630780754963,252.6104484684334,164.08467991916677,605.2605125089374,0.9117312995090072,0.1160249315579177,0.9714817054488982,0.2965146070208959,control
84,1358,0.765,175.09507,174.0878,HMDB0000904,Citrulline,C6H13N3O3,175.0956913,4,[M-H]-,54.0,78.6,95.53,,96.6,892.7375557684652,809.6659779232662,595.3558650756058,687.5097944601538,394.1605870012132,943.9722685702104,26.61092244334906,304.1396607471573,695.9387351444203,533.0648030059801,1.03507867631241,0.3499281024264695,0.2780023394824557,0.6104332505428841,control
85,1974,5.979,202.02971,201.02243,HMDB0062551,4-Ethylphenylsulfate,C8H10O4S,202.02998,1,[M-H]-,41.8,15.0,95.77,,,892.1610400718848,601.4832062784383,1268.015056369275,2161.4664297211048,48.66220141031175,6536.618407654118,629.1763801324943,948.91638041988,1230.7814331101758,2040.8433424042007,0.6030749188520579,-0.7295908583632389,-0.5234006575524851,0.619455184911943,diseased
86,2773,0.749,238.09871,237.09143,HMDB0062295,15-hydroperoxy-EPE,C8H18N2O4S,238.0987278,0,[M-H]-,44.5,29.0,93.27,,,233.36104819202325,113.68478429041049,771.4711572826949,492.0600788489437,1211.4456164902126,362.63525012859225,679.9290041275381,1743.770730676995,402.64426715351806,999.4451503558346,0.40286779820799945,-1.3116216014442335,-1.770963411963897,0.12695462007434116,diseased
87,2658,2.729,232.14245,231.13518,HMDB0029065,Threonylleucine,C10H20N2O4,232.1423071,1,[M-H]-,48.6,48.2,95.53,,,93.30309983661525,70.6709299922973,26.723343432170104,60.318392003308205,3446.0832175235173,68.76361524386033,1222.4677579822574,42.424038517034475,62.75394131609771,1194.9346573166672,0.05251663003650535,-4.251081847527338,-1.4164002678468977,0.20642052913006212,diseased
88,2921,4.363,244.14253,243.13525,HMDB0242182,Hexanoylglutamine,C11H20N2O4,244.1423071,1,[M-H]-,50.8,56.6,98.84,,,18.023878620341776,8.484219814758974,3.19606317943017,4.4604089495975545,482.72264987844966,5.1539886499037255,193.23848101669802,3.715129729221,8.541142641032119,171.20756231856808,0.0498876482169608,-4.325173529762925,-1.4392362724721874,0.200140785347801,diseased
89,2626,3.044,230.16325,229.15598,HMDB0029131,Valylleucine,C11H22N2O3,230.1630426,1,[M-H]-,46.5,38.1,95.03,,,175.220097230697,261.83322682836524,331.36336830288974,293.3518853606115,1648.4516405565,118.59636063280425,1767.163629427185,295.5216974148217,265.44214443064084,957.4333320078276,0.2772434754010326,-1.850774586231072,-1.584682100074746,0.16413069707282635,diseased
90,2581,12.491,228.20889,227.20161,HMDB0000806,Myristic acid,C14H28O2,228.2089301,0,[M-H]-,40.5,6.07,96.72,97.8,98.2,117.93041136150751,97.49124681507526,198.146778912189,143.0818757707575,289.3123834942718,10.075287118441276,843.239270988315,11.134434932227574,139.16257821488233,288.4403441333139,0.4824657196725676,-1.0515016557508516,-0.7560022910126538,0.4782682765635722,diseased
91,2353,1.469,219.07416,218.06688,HMDB0255868,O-Succinylhomoserine,C8H13NO6,219.0742872,1,[M-H]-,48.6,46.5,97.53,,,28.68395548112182,70.66549535775262,38.4007006766724,35.793983745776174,162.44473083227473,16.233718945496022,79.65439853731425,23.40204178236975,43.38603381533076,70.43372252436369,0.6159838250821278,-0.6990356267272143,-0.7716507768534708,0.4696117555366621,diseased
92,2878,13.056,242.22468,241.21741,HMDB0000826,Pentadecanoic acid,C15H30O2,242.2245802,0,[M-H]-,,,,96.2,93.0,293.559692345517,57.94984667475143,31.962910363892398,54.207901364753404,769.6226433760875,99.842316621561,366.3929445393742,38.557845441405824,109.42008768722856,318.6039374946071,0.343436081009139,-1.5418864796635132,-1.1792592155227781,0.28293290639368196,diseased
93,1926,5.662,200.0141,199.00682,HMDB0062775,4-Vinylphenol sulfate,C8H8O4S,200.0143299,2,[M-H]-,40.0,9.85,91.86,,,8.2882738387446,2.5702608733709025,6.092311425434137,3.641998164486263,2.603042076640545,3.5207549985636453,2.37101823829461,467.2670323757385,5.148211075508976,118.94046192230932,0.04328393376235359,-4.530024568578065,-0.9799861800863687,0.36493908814405585,diseased
94,2860,1.309,/,241.01221,HMDB0006471,Methylisocitric acid,C7H10O7,206.0426527,1,[M+Cl]-,45.8,33.5,96.5,,,37.834529778734854,24.7909033271685,33.474339928500754,77.96178515395574,8.143431922970251,228.15809568664048,28.20459341561085,35.10579902975857,43.51538954708997,74.90298001374504,0.5809567194670319,-0.7834974061905964,-0.595132110717701,0.573499904495877,diseased
95,2340,4.524,/,217.10809,HMDB0094711,9-Oxo-nonanoic acid,C9H16O3,172.1099444,0,[M+FA-H]-,47.4,39.1,98.03,,,1374.1265409965176,935.3029573121399,863.002525713465,775.4792517993601,5818.064201282632,411.7667217081412,1951.0981256795326,173.14341585526574,986.9778189553706,2088.518116131393,0.4725732620330681,-1.0813900902551314,-0.8402991869060605,0.4329434103107609,diseased
96,2648,4.864,/,230.99694,HMDB0001474,"3,4-Dihydroxyphenylglycol O-sulfate",C8H10O7S,250.0147234,0,[M-H2O-H]-,48.3,48.2,93.96,,,145.44471656856524,52.90996870001872,255.6014913540015,352.6519524017077,284.29052578629603,45.655932574679994,252.80208609284324,1416.7651982255325,201.6520322560733,499.8784356698379,0.40340214313477885,-1.3097093463809493,-0.9409133606510385,0.38307013669806655,diseased
97,1993,6.843,/,201.14937,HMDB0035764,Neoisomenthol,C10H20O,156.1514153,1,[M+FA-H]-,39.0,2.29,94.4,,,664.8449817915697,929.4912303325275,555.1266224367203,861.4390024220475,4208.034025657297,2252.344830334035,1391.29387972011,840.0220773631424,752.7254592457161,2172.923703268646,0.3464113618501285,-1.529441845492414,-1.9113225252245916,0.10451608937565965,diseased
98,1934,4.269,/,199.09734,HMDB0036177,"3,5,5-Trimethyl-1,2-cyclohexanedione",C9H14O2,154.0993797,2,[M+FA-H]-,40.9,10.7,95.84,,,694.8270868379415,1279.8688927027424,1390.2150122767723,1276.6895619960824,2488.2687836153323,1508.8742045500126,1650.14398702623,1148.07497162583,1160.4001384533847,1698.8404867043512,0.6830542052270555,-0.5499280236790931,-1.6601041579678275,0.14796178249699785,diseased
