gene,log2FoldChange,padj,Athaliana_geneID,Gene_Function,VarXCRep.1,VarXCRep.2,VarXCRep.3,VarX1Rep.1,VarX1Rep.2,VarX1Rep.3
Soltu.DM.01G000030,-1.05545867,0.015000048,AT2G02010,glutamate decarboxylase,439.1681337,579.546161,291.2746216,183.5656103,179.6646995,266.8621527
Soltu.DM.01G000460,1.125545537,0.000361427,AT3G46530,NB-ARC domain-containing disease resistance protein,159.4673915,201.5191337,250.8585258,511.361343,358.1071901,468.6185256
Soltu.DM.01G000480,1.045358558,0.000143954,AT3G46730,NB-ARC domain-containing disease resistance protein,251.8572294,305.1371279,377.6814471,612.5097405,678.9370107,633.1715957
Soltu.DM.01G000490,1.547665939,5.07e-09,AT1G68050,flavin-binding; kelch repeat; f box,1826.281317,2065.928424,1969.239427,6915.5534,6245.487173,3983.615192
Soltu.DM.01G001550,-1.008371847,0.003758657,AT2G44300,Bifunctional inhibitor/lipid-transfer protein/seed storage 2S albumin superfamily protein,1074.506471,1033.321515,1042.45654,430.8172486,587.2713477,543.0251312
Soltu.DM.01G002360,2.202437348,3.39e-16,AT3G20810,2-oxoglutarate (2OG) and Fe(II)-dependent oxygenase superfamily protein,201.2326607,232.9618354,140.7595061,925.3205253,1057.821751,680.3911723
Soltu.DM.01G007150,5.910333704,0.036108017,AT5G52300,CAP160 protein,0.0,0.0,0.0,13.11182931,0.0,22.89434018
Soltu.DM.01G020510,1.474223535,0.011593159,,hypothetical protein,43.03088342,61.4561897,78.04487469,153.5957147,85.55461881,266.8621527
Soltu.DM.01G020520,1.355686591,0.024691559,,hypothetical protein,99.98352323,128.6292343,186.7502359,307.1914295,186.3868481,566.6349195
Soltu.DM.01G020530,1.607796983,0.023935891,,hypothetical protein,65.81193934,96.47192569,110.0990196,198.5505581,144.2206431,485.7892807
Soltu.DM.01G022000,1.992466862,0.009378109,AT1G48480,receptor-like kinase,30.37474124,62.17079656,79.43853316,265.9828231,225.497531,193.8864434
Soltu.DM.01G024030,-2.460415924,0.013357291,AT3G06120,basic helix-loop-helix (bHLH) DNA-binding superfamily protein,41.7652692,40.73259085,15.33024324,1.873118472,7.333253041,7.154481307
Soltu.DM.01G024810,-1.033392391,0.039248858,AT4G02060,Minichromosome maintenance (MCM2/3/5) family protein,851.7583688,643.8607781,689.8609459,279.0946524,445.4951222,339.1224139
Soltu.DM.01G026010,1.776131353,0.015894085,AT5G50400,purple acid phosphatase,50.62456873,58.59776227,91.98145945,320.3032588,221.2198001,148.0977631
Soltu.DM.01G026800,1.846162631,0.002383924,AT5G67090,Subtilase family protein,26.57789858,44.30562513,118.4609705,290.3333632,212.0532338,173.8538958
Soltu.DM.01G026810,1.074701529,0.003452086,AT5G67090,subtilisin-like serine protease,25.31228436,30.01348799,32.05414496,46.82796181,70.27700831,61.52853924
Soltu.DM.01G026820,1.522395582,0.006843735,AT3G14240,Subtilase family protein,56.95263982,66.4584377,232.7409656,442.0559595,260.9415874,314.0817294
Soltu.DM.01G026830,2.150603874,0.00903183,AT5G67090,Subtilisin-like serine endopeptidase family protein,2.531228436,11.43370971,47.3843882,127.3720561,64.16596411,75.83750185
Soltu.DM.01G026840,1.506409203,0.000313812,AT5G67090,Subtilase family protein,169.5923052,156.4989017,252.2521843,704.2925456,336.107431,602.407326
Soltu.DM.01G027400,2.203145144,0.016977495,AT3G20910,nuclear factor Y; subunit A1,313.8723261,268.6921782,327.509742,964.6560133,452.8283753,2770.93061
Soltu.DM.01G027460,5.901137493,0.006024775,AT1G07985,Expressed protein,0.0,7.860675427,18.11756019,258.4903492,9.777670721,1277.074913
Soltu.DM.01G027470,1.183017897,0.012726819,AT2G41900,CCCH-type zinc finger protein with ARM repeat domain,1327.629315,1398.485619,1572.046762,3686.297154,2369.862941,3704.590421
Soltu.DM.01G028100,1.431714469,0.010244465,AT2G44480,beta glucosidase,63.28071091,120.7685588,137.9721892,277.2215339,304.9411056,286.8947004
Soltu.DM.01G030110,1.811403121,0.00489647,AT5G24910,cytochrome P450; family 714; subfamily A; polypeptide,445.4962048,626.7102136,599.2731449,1535.957147,954.5451041,3376.199729
Soltu.DM.01G032110,1.30028087,0.030869621,AT1G24620,EF hand calcium-binding protein family,24.04667014,17.86517142,20.90487715,37.46236945,57.44381548,55.08950606
Soltu.DM.01G033720,-1.238468543,0.000111228,AT1G01610,glycerol-3-phosphate acyltransferase,3332.362236,3171.425231,3846.497395,1159.460334,1855.924124,1364.359585
Soltu.DM.01G033740,-1.955424389,0.026393648,AT2G45970,cytochrome P450; family 86; subfamily A; polypeptide,688.4941347,568.1124513,589.5175356,44.95484334,245.6639769,181.7238252
Soltu.DM.01G034240,2.518580657,0.003327077,AT2G46140,Late embryogenesis abundant protein,150.608092,220.8135188,519.8346117,1790.70126,910.5455859,2401.043927
Soltu.DM.01G034270,2.753902711,0.025141823,AT2G46150,Late embryogenesis abundant (LEA) hydroxyproline-rich glycoprotein family,1.265614218,7.860675427,6.968292383,59.93979112,13.44429724,40.06509532
Soltu.DM.01G034410,1.945104359,0.032036499,AT2G46240,BCL-2-associated athanogene,4043.637427,2901.303839,2358.070142,13666.27237,4584.505359,17572.83699
Soltu.DM.01G035320,1.268794446,0.012936167,AT5G08510,Pentatricopeptide repeat (PPR) superfamily protein,16.45298484,15.006744,15.33024324,43.08172486,40.94399614,30.04882149
Soltu.DM.01G035400,1.118620008,0.0232289,,conserved hypothetical protein,120.2333507,68.60225827,72.47024078,155.4688332,122.220884,284.748356
Soltu.DM.01G035430,1.587424921,0.041207611,AT2G46660,cytochrome P450; family 78; subfamily A; polypeptide,40.49965498,37.15955656,37.62877887,132.9914115,63.55485969,150.9595556
Soltu.DM.01G035490,5.739145766,0.000857192,AT3G61890,homeobox,30.37474124,37.15955656,97.55609336,1968.647514,150.9427918,6685.147333
Soltu.DM.01G035690,3.086172941,0.007757537,AT3G56710,sigma factor binding protein,5.062456873,11.43370971,6.968292383,54.3204357,18.94423702,130.2115598
Soltu.DM.01G037360,1.563646651,0.028519347,AT3G22560,Acyl-CoA N-acyltransferases (NAT) superfamily protein,41.7652692,65.02922398,104.5243857,307.1914295,191.8867879,127.3497673
Soltu.DM.01G038640,1.257131104,0.033208408,AT2G34930,disease resistance family protein / LRR family protein,30.37474124,33.58652228,36.23512039,125.4989376,61.110442,59.38219485
Soltu.DM.01G039560,1.538980479,0.033538079,AT1G56220,Dormancy/auxin associated family protein,603.6979821,503.0832273,862.674597,1934.931382,913.601108,2871.808797
Soltu.DM.01G039700,1.746707746,0.029286855,AT1G56230,Protein of unknown function (DUF1399),72.14001043,90.04046398,114.2799951,350.2731543,147.8872697,429.9843265
Soltu.DM.01G039720,1.248886075,0.004265489,AT1G09155,phloem protein 2-B15,103.7803659,130.7730548,204.867796,327.7957327,430.2175117,281.1711154
Soltu.DM.01G040460,1.538426981,0.042921382,,hypothetical protein,21.51544171,23.58202628,32.05414496,54.3204357,75.77694809,90.8619126
Soltu.DM.01G040500,-1.279289416,0.041836694,AT1G56580,Protein of unknown function; DUF538,537.8860427,383.0292753,260.6141351,61.81290959,155.2205227,264.0003602
Soltu.DM.01G042880,1.603971381,0.030437418,AT4G33940,RING/U-box superfamily protein,39.23404076,37.87416342,52.95902211,114.2602268,72.72142599,206.0490616
Soltu.DM.01G044960,-1.254857749,0.001202604,,hypothetical protein,1141.584025,731.7574215,687.0736289,234.139809,441.2173913,389.9192312
Soltu.DM.01G045280,1.090740773,0.025678123,AT2G22570,nicotinamidase,153.1393204,167.9326114,203.4741376,440.182841,378.8847404,299.7727668
Soltu.DM.01G046220,2.901989044,0.015985827,AT1G17870,ethylene-dependent gravitropism-deficient and yellow-green-like,198.7014322,297.2764525,353.989253,2212.152916,652.6595206,3488.525085
Soltu.DM.01G047220,-1.302240671,0.010574965,AT5G67210,Protein of unknown function (DUF579),551.8077991,502.3686205,473.843882,127.3720561,217.5531735,269.7239453
Soltu.DM.01G047300,-1.12198392,0.014402737,AT2G23360,Plant protein of unknown function (DUF869),629.0102664,343.0112913,296.8492555,123.6258192,195.5534144,257.5613271
Soltu.DM.01G047570,1.795780174,0.045669423,AT5G47900,Protein of unknown function (DUF1624),355.6375953,377.3124205,649.4448501,1120.124846,728.4364687,2947.646298
Soltu.DM.01G047590,2.755650522,2.37e-12,AT5G42900,conserved hypothetical protein,54.42141138,81.46518169,91.98145945,595.6516742,713.7699626,232.5206425
Soltu.DM.01G048150,1.050091218,0.028047047,AT2G03550,alpha/beta-Hydrolases superfamily protein,56.95263982,61.4561897,79.43853316,192.9312027,142.9984343,78.69929438
Soltu.DM.01G048600,1.785203905,5.07e-09,AT2G15890,maternal effect embryo arrest,1117.537355,1173.384459,1382.509209,5782.316724,4260.008912,2624.979192
Soltu.DM.01G048750,1.992705428,0.000719278,AT2G23460,extra-large G-protein,26.57789858,31.44270171,51.56536363,181.6924918,125.2764061,128.0652154
Soltu.DM.01G048820,-1.088100165,0.015136228,AT1G49430,long-chain acyl-CoA synthetase,2109.778902,1961.595822,1892.588211,438.3097225,1009.544502,1347.904278
Soltu.DM.01G049070,1.398720177,0.049545377,,hypothetical protein,7.593685309,9.289889141,8.361950859,31.84301403,17.72202818,21.46344392
Soltu.DM.01G049140,1.555900233,0.049545377,AT4G36750,Quinone reductase family protein,8.859299527,10.004496,16.72390172,31.84301403,21.99975912,48.65047289
Soltu.DM.01G049180,1.031224689,0.009047571,AT3G18830,polyol/monosaccharide transporter,1001.100847,1141.941757,1183.216047,2663.574468,1829.646634,2309.466566
Soltu.DM.01G049210,1.379224876,0.025999831,AT5G38830,hypothetical protein,154.4049346,240.1079039,291.2746216,616.2559774,487.6613272,680.3911723
Soltu.DM.01G049230,1.985942693,0.01251027,AT1G49320,conserved hypothetical protein,40.49965498,52.88090742,93.37511793,320.3032588,268.8859448,149.5286593
Soltu.DM.01G049950,-1.142398172,0.041394058,AT2G16440,Minichromosome maintenance (MCM2/3/5) family protein,1379.519498,990.4451038,976.954592,382.1161684,674.6592797,455.7404593
Soltu.DM.01G050660,1.818901266,0.046987336,AT1G75750,GAST1 protein homolog,560.6670986,1479.950801,1769.946265,4828.899422,2764.025292,5852.365709
Soltu.DM.01G051570,1.279814257,0.021592871,AT1G47670,Transmembrane amino acid transporter family protein,56.95263982,84.32360912,132.3975553,198.5505581,234.0529929,228.2279537
Soltu.DM.01G051960,-1.254559298,0.034545975,AT4G35320,conserved hypothetical protein,607.4948247,421.6180456,412.5229091,99.27527904,201.0533542,298.3418705
Soltu.DM.02G001450,1.600151403,4.35e-06,AT5G23240,DNAJ heat shock N-terminal domain-containing protein,1657.954626,2393.932971,2475.137454,8711.874015,6342.041671,4743.421107
Soltu.DM.02G002070,-1.023569823,0.047698758,AT1G80710,DROUGHT SENSITIVE,482.1990171,571.6854856,507.2916855,176.0731364,348.3295194,238.9596757
Soltu.DM.02G003310,1.910549664,0.026500174,AT4G27290,S-locus lectin protein kinase family protein,22.78105593,50.73708684,47.3843882,250.9978753,120.9986752,88.00012008
Soltu.DM.02G004070,1.108392118,0.039160896,AT1G11700,Protein of unknown function; DUF584,58.21825403,60.74158284,86.40682554,183.5656103,156.4427315,103.739979
Soltu.DM.02G004510,1.121636709,0.035069395,AT5G17300,Homeodomain-like superfamily protein,116.4365081,94.32810512,129.6102383,185.4387288,163.7759846,385.6265424
Soltu.DM.02G004670,1.744209897,0.000445107,AT5G16340,AMP-dependent synthetase and ligase family protein,345.5126816,458.7776022,379.0751056,1762.604482,1362.762857,846.3751386
Soltu.DM.02G004910,1.273606217,0.027688463,AT1G76490,hydroxy methylglutaryl CoA reductase,58.21825403,38.58877028,51.56536363,123.6258192,67.83259063,165.2685182
Soltu.DM.02G006640,1.650274323,0.006741367,AT5G49610,F-box family protein,25.31228436,44.30562513,58.53365601,164.8344256,94.11008069,145.2359705
Soltu.DM.02G007370,1.023335563,0.003084916,AT2G22660,Protein of unknown function (duplicated DUF1399),832.7741555,828.9439541,1067.542393,2365.748631,1644.481994,1541.790722
Soltu.DM.02G008860,1.213634755,0.007120128,AT5G66631,Tetratricopeptide repeat (TPR)-like superfamily protein,30.37474124,43.59101828,33.44780344,93.65592362,91.05455859,70.11391681
Soltu.DM.02G008920,2.80714217,0.003579524,AT2G23790,Protein of unknown function (DUF607),77.20246731,86.46742969,121.2482875,524.4731723,146.6650608,1320.717249
Soltu.DM.02G010600,-1.057420586,0.045669423,AT5G40610,NAD-dependent glycerol-3-phosphate dehydrogenase family protein,934.023293,812.5079964,675.9243611,288.4602447,458.328315,413.5290195
Soltu.DM.02G010730,2.987492218,0.000439617,AT3G27250,conserved hypothetical protein,77.20246731,47.87865942,89.1941425,339.0344435,120.9986752,1232.001681
Soltu.DM.02G010740,2.756890869,0.001078307,AT3G48510,conserved hypothetical protein,129.0926502,105.047208,189.5375528,440.182841,200.4422498,2216.458309
Soltu.DM.02G012030,1.206090973,0.012436031,AT1G02305,Cysteine proteinases superfamily protein,1264.348604,1449.222706,1694.688707,4377.47787,2961.41202,2835.320942
Soltu.DM.02G013800,-1.082823177,0.026178861,AT5G46280,Minichromosome maintenance (MCM2/3/5) family protein,1603.533214,1209.829409,1289.134091,481.3914474,763.2694206,687.5456536
Soltu.DM.02G014610,-1.166065134,0.01157135,AT1G29630,5'-3' exonuclease family protein,153.1393204,117.1955245,101.7370688,18.73118472,66.61038179,71.54481307
Soltu.DM.02G015870,1.423757434,0.008643982,AT1G09850,xylem bark cysteine peptidase,1361.800899,2064.49921,2689.76086,9401.181613,4588.171986,2426.800059
Soltu.DM.02G016120,2.501678296,0.001809049,AT5G46230,Protein of unknown function; DUF538,6.328071091,6.431461713,6.968292383,37.46236945,50.11056244,23.60978831
Soltu.DM.02G016630,-1.374505052,0.017982097,AT5G45950,GDSL-like Lipase/Acylhydrolase superfamily protein,1216.255264,1030.463088,727.4897247,127.3720561,463.2171504,549.4641644
Soltu.DM.02G017040,1.052544297,0.000505727,AT5G46100,Pentatricopeptide repeat (PPR) superfamily protein,40.49965498,53.59551427,47.3843882,106.7677529,101.4433337,91.57736073
Soltu.DM.02G017330,1.948458612,0.004921607,AT1G28330,dormancy-associated protein-like,1146.646482,1191.964237,3973.320317,11763.18401,7134.644104,5458.869237
Soltu.DM.02G017790,1.771037656,0.022622501,AT3G22850,Aluminium induced protein with YGL and LRDR motifs,118.9677365,132.2022685,314.9668157,1000.245264,526.7720101,404.2281938
Soltu.DM.02G017790,1.771037656,0.022622501,AT4G27450,Aluminium induced protein with YGL and LRDR motifs,118.9677365,132.2022685,314.9668157,1000.245264,526.7720101,404.2281938
Soltu.DM.02G019360,1.092016243,0.025731841,AT1G55890,Tetratricopeptide repeat (TPR)-like superfamily protein,24.04667014,32.15730856,37.62877887,82.41721278,61.110442,60.09764298
Soltu.DM.02G020260,-1.135470933,0.049545377,AT1G11820,O-Glycosyl hydrolases family 17 protein,768.2278304,573.1146993,478.0248574,243.5054014,314.1076719,269.0084971
Soltu.DM.02G020310,2.388408945,0.042847577,AT5G05920,deoxyhypusine synthase,2.531228436,4.287641142,5.574633906,13.11182931,5.49993978,45.07323223
Soltu.DM.02G020430,1.039374963,0.01386905,AT1G62300,WRKY DNA-binding protein,37.96842654,32.15730856,43.20341277,56.19355417,73.94363483,94.43915325
Soltu.DM.02G020570,1.724885131,4.88e-09,AT4G04330,Chaperonin-like RbcX protein,399.9340929,533.0967153,471.0565651,1657.709848,1610.871251,1380.099444
Soltu.DM.02G022080,-1.313452065,0.017534857,AT5G44635,minichromosome maintenance (MCM2/3/5) family protein,1485.831092,973.2945392,926.7828869,325.9226142,581.1603035,451.4477705
Soltu.DM.02G023340,1.367978147,0.022554754,AT2G17730,NEP-interacting protein,91.12422371,110.049456,110.0990196,344.6537989,215.7198603,246.8296051
Soltu.DM.02G023400,1.235911996,0.041223876,AT2G17760,Eukaryotic aspartyl protease family protein,306.2786408,668.1574113,875.2175233,1788.828141,1882.201614,687.5456536
Soltu.DM.02G024270,-1.468208709,0.017175603,AT4G38960,B-box type zinc finger family protein,392.3404076,297.2764525,282.9126707,59.93979112,98.38781163,188.8783065
Soltu.DM.02G024670,5.677807662,0.000111228,,Dehydrin domain containing protein,37.96842654,40.73259085,54.35268058,2822.789538,229.1641575,3755.387238
Soltu.DM.02G025610,-1.959083455,0.049536748,AT5G16030,conserved hypothetical protein,93.65545214,27.15506056,11.14926781,9.365592362,10.38877514,13.59351448
Soltu.DM.02G026090,1.321754768,0.008689081,AT5G38260,Protein kinase superfamily protein,59.48386825,43.59101828,75.25755773,181.6924918,144.8317476,117.3334934
Soltu.DM.02G026710,3.071178558,0.021106197,,conserved hypothetical protein,3.796842654,6.431461713,9.755609336,22.47742167,20.16644586,123.0570785
Soltu.DM.02G027540,-1.290457019,0.039235844,AT2G22900,Galactosyl transferase GMA12/MNN10 family protein,697.3534342,490.2203039,386.043398,101.1483975,189.4423702,347.7077915
Soltu.DM.02G029320,1.041160915,2.86e-05,AT5G66880,sucrose nonfermenting 1(SNF1)-related protein kinase 2.3,703.6815053,798.2158592,1011.796054,2094.146452,1739.814284,1344.327038
Soltu.DM.02G029320,1.041160915,2.86e-05,AT4G33950,Protein kinase superfamily protein,703.6815053,798.2158592,1011.796054,2094.146452,1739.814284,1344.327038
Soltu.DM.02G029350,1.369035923,0.000568256,AT4G33950,Protein kinase superfamily protein,37.96842654,79.32136112,110.0990196,228.5204536,198.6089365,162.4067257
Soltu.DM.02G030840,3.654912454,0.026178861,AT3G29575,ABI five binding protein,77.20246731,61.4561897,73.86389926,134.86453,58.66602432,2481.174117
Soltu.DM.02G031080,1.186850464,0.011847737,AT5G39350,Tetratricopeptide repeat (TPR)-like superfamily protein,35.43719811,55.73933484,33.44780344,132.9914115,92.88787185,70.11391681
Soltu.DM.02G032660,1.588701028,0.030595472,AT3G28050,nodulin MtN21 /EamA-like transporter family protein,65.81193934,81.46518169,115.6736536,365.2581021,290.2745995,136.650593
Soltu.DM.02G032680,1.407645954,0.047001445,AT3G01420,Peroxidase superfamily protein,2.531228436,10.004496,11.14926781,41.20860639,14.66650608,16.45530701
Soltu.DM.02G033580,-1.331865723,4.86e-11,AT5G14410,conserved hypothetical protein,397.4028645,390.8899508,437.6087616,153.5957147,183.331326,146.6668668
Soltu.DM.02G033820,1.842931461,0.041929667,AT5G40720,Domain of unknown function (DUF23),12.65614218,13.57753028,11.14926781,58.06667264,39.11068288,39.34964719
Soltu.DM.02G033970,4.789510897,0.001208647,AT3G27250,conserved hypothetical protein,6.328071091,4.287641142,5.574633906,61.81290959,7.944357461,373.4639242
Soltu.DM.02G034100,1.119159702,0.045669423,AT3G01860,conserved hypothetical protein,120.2333507,141.4921577,199.2931621,455.1677888,295.1634349,253.9840864
Soltu.DM.02G034180,1.291676723,0.040825181,AT5G56310,Pentatricopeptide repeat (PPR) superfamily protein,16.45298484,11.43370971,6.968292383,41.20860639,27.4996989,21.46344392
Soltu.DM.02G034180,1.291676723,0.040825181,AT5G56310,Tetratricopeptide repeat (TPR)-like superfamily protein,16.45298484,11.43370971,6.968292383,41.20860639,27.4996989,21.46344392
Soltu.DM.02G034360,1.45084264,0.000402519,AT5G14080,Tetratricopeptide repeat (TPR)-like superfamily protein,17.71859905,31.44270171,26.47951105,46.82796181,81.88799229,76.55294998
Soltu.DM.02G034550,1.403039374,0.00126917,AT3G26782,Tetratricopeptide repeat (TPR)-like superfamily protein,25.31228436,25.72584685,30.66048648,58.06667264,59.27712874,94.43915325
Soltu.DM.03G000220,1.075138973,0.025141823,AT3G22450,Ribosomal L18p/L5e family protein,36.70281233,51.4516937,27.87316953,106.7677529,93.49897627,54.37405793
Soltu.DM.03G000550,-1.417340155,0.037757618,AT5G43530,Helicase protein with RING/U-box domain,107.5772085,80.75057484,61.32097297,26.22365861,40.94399614,25.04068457
Soltu.DM.03G001970,2.633213973,0.042371745,AT1G28330,dormancy-associated protein-like,26.57789858,52.88090742,170.0263341,818.5527724,299.4411658,427.122534
Soltu.DM.03G002700,2.257144202,3.14e-05,AT3G14470,NB-ARC domain-containing disease resistance protein,24.04667014,23.58202628,26.47951105,168.5806625,112.4432133,76.55294998
Soltu.DM.03G004180,4.027456998,0.023935891,AT2G18340,late embryogenesis abundant domain-containing protein / LEA domain-containing protein,3.796842654,5.002247999,8.361950859,20.6043032,15.2776105,241.10602
Soltu.DM.03G005570,3.647461085,0.032711542,AT2G20340,Pyridoxal phosphate (PLP)-dependent transferases superfamily protein,21.51544171,14.29213714,25.08585258,387.7355238,37.88847404,335.5451733
Soltu.DM.03G011070,1.142589791,0.001202604,AT1G55570,SKU5  similar,45.56211185,37.87416342,34.84146191,104.8946345,74.55473925,86.56922381
Soltu.DM.03G011660,-1.931786461,0.0006546,AT1G25450,3-ketoacyl-CoA synthase,221.4824882,142.2067645,133.7912137,35.58925097,63.55485969,29.33337336
Soltu.DM.03G012480,4.556995907,0.003007125,AT3G11410,protein phosphatase 2CA,17.71859905,29.29888114,89.1941425,1372.99584,113.6654221,1711.351929
Soltu.DM.03G014370,1.257678985,0.001191198,AT3G46790,Tetratricopeptide repeat (TPR)-like superfamily protein,35.43719811,42.87641142,44.59707125,125.4989376,99.61002047,75.12205372
Soltu.DM.03G015440,2.404046239,4.25e-05,AT5G62360,Plant invertase/pectin methylesterase inhibitor superfamily protein,111.3740512,90.75507084,83.61950859,556.3161863,642.2707455,314.0817294
Soltu.DM.03G015460,3.415693096,0.024803456,AT5G62360,Plant invertase/pectin methylesterase inhibitor superfamily protein,0.0,1.429213714,1.393658477,11.23871083,18.94423702,2.146344392
Soltu.DM.03G015480,1.823445021,0.002794351,AT5G62360,Plant invertase/pectin methylesterase inhibitor superfamily protein,62.01509669,62.88540341,29.26682801,176.0731364,230.3863664,143.0896261
Soltu.DM.03G015490,3.206605968,0.000240924,AT5G62360,Plant invertase/pectin methylesterase inhibitor superfamily protein,2.531228436,25.01123999,44.59707125,200.4236765,383.1624714,79.41474251
Soltu.DM.03G015500,3.169446126,3.32e-05,AT5G62360,Plant invertase/pectin methylesterase inhibitor superfamily protein,3.796842654,11.43370971,20.90487715,110.5139899,181.4980128,29.33337336
Soltu.DM.03G015510,2.899306516,5.3e-09,AT5G62360,Plant invertase/pectin methylesterase inhibitor superfamily protein,35.43719811,46.4494457,85.01316707,432.6903671,644.1040587,159.5449331
Soltu.DM.03G016270,-1.427875833,0.029469247,AT5G51750,subtilase 1.3,1688.329367,1309.159762,1091.234587,297.8258371,719.2699024,498.6673471
Soltu.DM.03G016900,1.221010857,0.006159014,AT3G61040,cytochrome P450; family 76; subfamily C; polypeptide,34.17158389,37.87416342,51.56536363,99.27527904,83.72130555,103.739979
Soltu.DM.03G016950,1.448473091,0.001497754,AT3G61040,cytochrome P450; family 76; subfamily C; polypeptide,25.31228436,39.30337713,51.56536363,121.7527007,81.27688787,115.9025972
Soltu.DM.03G017160,1.382340174,3.29e-05,,hypothetical protein,177.1859905,164.3595771,164.4517002,550.6968309,535.327472,238.2442275
Soltu.DM.03G017170,1.186224534,0.000232931,AT5G52190,Sugar isomerase (SIS) family protein,756.8373024,750.3371998,808.3219164,2077.288386,2132.754426,1062.440474
Soltu.DM.03G017690,1.060322033,0.003328847,AT4G25270,Tetratricopeptide repeat (TPR)-like superfamily protein,80.99930996,97.18653255,69.68292383,181.6924918,194.3312056,146.6668668
Soltu.DM.03G018100,-1.328463674,0.009967194,AT5G23940,HXXXD-type acyl-transferase family protein,4244.870088,3006.351047,2844.456951,812.933417,1453.817415,1747.839783
Soltu.DM.03G018250,-2.273092574,0.041401012,AT4G25640,detoxifying efflux carrier,183.5140616,25.72584685,16.72390172,14.98494778,7.333253041,24.32523644
Soltu.DM.03G018440,1.648367972,0.005615316,AT1G17860,Kunitz family trypsin and protease inhibitor protein,22.78105593,32.15730856,51.56536363,116.1333453,111.2210044,104.4554271
Soltu.DM.03G019590,1.003923995,0.00993938,AT5G16860,Tetratricopeptide repeat (TPR)-like superfamily protein,62.01509669,58.59776227,37.62877887,114.2602268,119.7764663,88.00012008
Soltu.DM.03G020730,1.296584696,0.038524,AT3G03000,EF hand calcium-binding protein family,25.31228436,30.01348799,32.05414496,67.43226501,47.66614476,99.44729017
Soltu.DM.03G021110,1.061023304,0.004120703,AT3G03150,conserved hypothetical protein,915.0390797,941.1372306,1229.206776,2243.99593,1722.092256,2469.726947
Soltu.DM.03G021910,1.445632002,0.044156711,AT5G24380,YELLOW STRIPE like,68.34316778,108.6202423,150.5151155,331.5419696,223.6642177,336.9760696
Soltu.DM.03G022130,-1.493526618,0.021176953,AT5G24330,ARABIDOPSIS TRITHORAX-RELATED PROTEIN,140.4831782,106.4764217,98.94975183,26.22365861,50.11056244,43.64233597
Soltu.DM.03G022640,1.546024662,0.008140557,AT5G53110,RING/U-box superfamily protein,13.9217564,12.86292343,6.968292383,22.47742167,28.72190774,46.5041285
Soltu.DM.03G022680,1.492006215,0.002112087,AT5G38260,Protein kinase superfamily protein,41.7652692,42.16180456,94.7687764,219.1548613,114.2765265,166.6994145
Soltu.DM.03G022710,3.783380875,0.004197618,AT3G11410,highly ABA-induced PP2C gene,45.56211185,56.4539417,62.71463144,516.9806984,75.16584367,1675.579522
Soltu.DM.03G022710,3.783380875,0.004197618,AT1G07430,highly ABA-induced PP2C gene,45.56211185,56.4539417,62.71463144,516.9806984,75.16584367,1675.579522
Soltu.DM.03G023750,1.909746758,0.023404375,AT2G22410,SLOW GROWTH,7.593685309,5.002247999,4.18097543,16.85806625,25.66638564,18.6016514
Soltu.DM.03G024470,5.85905761,0.00060703,AT5G50360,conserved hypothetical protein,12.65614218,6.431461713,25.08585258,582.5398449,18.3331326,1942.441675
Soltu.DM.03G024520,-1.384821684,0.026178861,AT5G03860,malate synthase,5510.484306,3944.62985,4675.724189,1429.189394,2324.641214,1654.831526
Soltu.DM.03G024610,1.054601007,0.016524305,AT5G59200,Tetratricopeptide repeat (TPR)-like superfamily protein,55.6870256,71.4606857,83.61950859,183.5656103,149.1094785,109.463564
Soltu.DM.03G025330,-1.373039662,2.32e-05,AT3G48310,cytochrome P450; family 71; subfamily A; polypeptide,388.543565,375.1685999,323.3287666,164.8344256,142.3873299,116.6180453
Soltu.DM.03G025440,-1.530432617,0.002957761,AT3G48280,cytochrome P450; family 71; subfamily A; polypeptide,96.18668058,89.32585712,59.92731449,24.35054014,21.3886547,38.63419906
Soltu.DM.03G026040,1.083481764,0.039561748,AT1G64310,Tetratricopeptide repeat (TPR)-like superfamily protein,7.593685309,23.58202628,20.90487715,41.20860639,37.27736962,37.2033028
Soltu.DM.03G028040,1.275279853,3.17e-05,AT1G52720,conserved hypothetical protein,422.7151489,334.4360091,246.6775503,694.9269532,720.4921112,1012.359105
Soltu.DM.03G028070,1.769866689,5.05e-05,AT5G62865,conserved hypothetical protein,323.9972398,411.6135496,537.9521719,1487.256067,985.1003251,1869.465966
Soltu.DM.03G029900,2.177099861,7.28e-14,AT5G61380,CCT motif -containing response regulator protein,101.2491375,70.74607884,68.28926535,464.5333811,395.3845598,229.65885
Soltu.DM.03G029920,1.207893098,0.023971492,AT5G66520,Tetratricopeptide repeat (TPR)-like superfamily protein,17.71859905,14.29213714,8.361950859,33.7161325,37.88847404,23.60978831
Soltu.DM.03G030480,3.146185644,0.046107774,AT3G15670,Late embryogenesis abundant protein (LEA) family protein,18.98421327,38.58877028,12.54292629,69.30538348,31.77742984,523.7080317
Soltu.DM.03G030740,1.642059788,0.023935891,AT3G15790,methyl-CPG-binding domain,574.588855,577.4023404,830.620452,1878.737828,913.601108,3393.370484
Soltu.DM.03G031480,1.488177738,0.038524,AT5G25280,serine-rich protein-related,34.17158389,44.30562513,52.95902211,157.3419517,64.77706853,148.8132112
Soltu.DM.03G033160,1.328102299,0.002397493,AT3G18020,Pentatricopeptide repeat (PPR) superfamily protein,45.56211185,63.60001027,51.56536363,127.3720561,139.3318078,139.5123855
Soltu.DM.03G033250,1.325162743,0.049549649,AT1G73750,conserved hypothetical protein,597.369911,1039.03837,1417.350671,3283.576682,2250.697579,2119.157363
Soltu.DM.03G033270,1.007767786,0.041691812,AT3G18230,Octicosapeptide/Phox/Bem1p family protein,30.37474124,27.86966742,39.02243734,84.29033126,50.11056244,63.67488363
Soltu.DM.03G033450,1.237238584,0.004135486,AT1G73680,alpha dioxygenase,445.4962048,396.6068056,553.2824152,1599.643175,898.3234975,796.2937695
Soltu.DM.03G034550,-1.441143655,0.046171248,AT1G80280,alpha/beta-Hydrolases superfamily protein,250.5916152,117.9101314,135.1848722,33.7161325,52.55498012,95.87004951
Soltu.DM.03G035250,1.000708057,0.010366115,AT1G52190,Major facilitator superfamily protein,954.2731205,1110.499056,1567.865786,2809.677709,1940.867638,2519.092868
Soltu.DM.03G036380,-1.926808227,0.013193851,AT1G72970,Glucose-methanol-choline (GMC) oxidoreductase family protein,825.1804702,601.6989736,406.9482751,69.30538348,219.9975912,189.5937546
Soltu.DM.03G037120,1.016545443,0.004285384,AT1G17420,PLAT/LH2 domain-containing lipoxygenase family protein,974.522948,857.5282284,1191.577997,2376.987341,1382.929303,2357.401591
Soltu.DM.03G037120,1.016545443,0.004285384,AT1G17420,lipoxygenase,974.522948,857.5282284,1191.577997,2376.987341,1382.929303,2357.401591
Soltu.DM.03G037130,1.052850334,0.000841312,AT5G07990,Cytochrome P450 superfamily protein,207.5607318,190.085424,216.0170639,428.9441302,458.328315,383.4801981
Soltu.DM.03G037200,1.851957404,0.048339054,AT3G13840,GRAS family transcription factor,6.328071091,4.287641142,8.361950859,18.73118472,17.11092376,29.33337336
Soltu.DM.04G000180,1.054689481,0.039942745,AT5G07990,cytochrome P450; family 71; subfamily B; polypeptide,261.9821432,399.465233,445.9707125,1024.595804,859.823919,421.398949
Soltu.DM.04G000490,3.417743217,0.002740008,AT1G69260,ABI five binding protein,132.8894929,173.6494662,334.4780344,960.9097763,404.5511261,5479.617233
Soltu.DM.04G000770,1.14233408,0.018700582,,conserved hypothetical protein,169.5923052,267.9775714,264.7951105,561.9355417,625.7709261,365.5939948
Soltu.DM.04G001100,1.929231189,0.001790625,AT1G69850,nitrate transporter 1:2,11.39052796,23.58202628,37.62877887,63.68602806,65.38817295,143.0896261
Soltu.DM.04G001340,1.088738345,0.000719278,AT1G68750,phosphoenolpyruvate carboxylase,448.0274332,406.6113016,377.6814471,1206.288296,597.0490184,829.9198316
Soltu.DM.04G002270,2.202337778,0.024807378,AT1G25390,Protein kinase superfamily protein,10.12491375,4.287641142,2.787316953,16.85806625,20.16644586,39.34964719
Soltu.DM.04G002360,1.77876967,0.000931798,AT1G68190,B-box zinc finger family protein,59.48386825,94.32810512,181.1756019,593.7785557,232.2196796,324.8134513
Soltu.DM.04G002420,-1.488470238,0.022171371,AT1G71140,MATE efflux family protein,87.32738105,90.75507084,34.84146191,9.365592362,34.83295194,27.9024771
Soltu.DM.04G003320,1.278795708,0.000841312,AT4G31940,cytochrome P450; family 82; subfamily C; polypeptide,44.29649763,44.30562513,37.62877887,129.2451746,84.33240997,100.1627383
Soltu.DM.04G004640,1.1608126,0.002982354,AT5G08380,alpha-galactosidase,2235.074709,2005.901448,2169.926248,5819.779094,3077.521859,5440.267586
Soltu.DM.04G006580,1.982461318,0.000100628,AT5G52450,MATE efflux family protein,193.6389754,242.2517245,412.5229091,1564.053924,1173.320486,614.5699443
Soltu.DM.04G007210,1.995316736,0.036933041,AT2G39420,alpha/beta-Hydrolases superfamily protein,74.67123887,82.17978855,243.8902334,773.5979291,661.8260869,159.5449331
Soltu.DM.04G007210,1.995316736,0.036933041,AT3G55180,alpha/beta-Hydrolases superfamily protein,74.67123887,82.17978855,243.8902334,773.5979291,661.8260869,159.5449331
Soltu.DM.04G007550,2.788780107,0.024368222,AT3G22560,Acyl-CoA N-acyltransferases (NAT) superfamily protein,1.265614218,2.143820571,4.18097543,14.98494778,9.777670721,25.75613271
Soltu.DM.04G008930,1.377165346,0.046041908,AT3G23240,ethylene-responsive element binding factor,48.09334029,57.16854856,71.0765823,127.3720561,80.66578345,248.2605014
Soltu.DM.04G009090,-1.279720107,0.020184183,AT4G05530,indole-3-butyric acid response,198.7014322,158.6427222,136.5785307,31.84301403,94.11008069,71.54481307
Soltu.DM.04G009960,1.177272353,0.018371373,AT5G56040,Leucine-rich receptor-like protein kinase family protein,37.96842654,47.87865942,44.59707125,86.16344973,89.83234975,118.7643897
Soltu.DM.04G009990,-2.401222588,0.016977495,AT5G50740,Heavy metal transport/detoxification superfamily protein ,1499.752848,751.0518067,595.0921695,67.43226501,274.996989,193.8864434
Soltu.DM.04G011150,2.162154368,0.018769407,AT2G15490,UDP-glycosyltransferase 73B4,18.98421327,30.01348799,44.59707125,243.5054014,86.16572323,91.57736073
Soltu.DM.04G011790,1.213370085,0.009937986,AT2G41430,dehydration-induced protein (ERD15),1961.702038,2339.62285,3608.181796,6419.177005,4741.559195,7177.375647
Soltu.DM.04G012230,1.602977747,0.049614422,AT1G76690,12-oxophytodienoate reductase,3.796842654,7.14606857,9.755609336,35.58925097,14.66650608,17.17075514
Soltu.DM.04G012690,2.884990766,0.003583567,AT2G46760,D-arabinono-1;4-lactone oxidase family protein,140.4831782,94.32810512,464.0882727,2732.879851,977.1559677,1445.205224
Soltu.DM.04G021630,1.082116011,0.041772822,AT4G39780,Integrase-type DNA-binding superfamily protein,1943.983439,2551.146479,3420.037901,4660.318759,5055.666867,7037.863262
Soltu.DM.04G022480,1.481218125,0.02525015,AT2G22070,pentatricopeptide (PPR) repeat-containing protein,5.062456873,8.575282284,13.93658477,35.58925097,25.66638564,17.88620327
Soltu.DM.04G025520,2.003979924,0.007555501,AT1G31130,conserved hypothetical protein,53.15579716,41.4471977,75.25755773,305.318311,268.2748404,105.8863233
Soltu.DM.04G026000,2.578045012,0.007133687,AT1G78780,pathogenesis-related family protein,174.6547621,257.2584685,720.5214324,4117.114402,1813.146814,948.6842213
Soltu.DM.04G026330,1.554654412,0.041836694,AT5G64660,CYS; MET; PRO; and GLY protein,31.64035545,32.15730856,44.59707125,108.6408714,50.72166686,158.1140369
Soltu.DM.04G026480,2.699864372,0.040848816,,hypothetical protein,5.062456873,15.72135085,11.14926781,65.55914653,26.27749006,118.7643897
Soltu.DM.04G027260,2.014879526,0.031378858,,ABA/WDS induced protein domain containing protein,1.265614218,10.71910285,9.755609336,33.7161325,20.77755028,37.2033028
Soltu.DM.04G027760,1.181598759,1.17e-06,AT1G22770,gigantea protein (GI),1884.499571,2202.418333,2760.837442,5115.486548,4916.946164,5496.07254
Soltu.DM.04G029620,-1.471793076,0.011850001,AT1G78170,conserved hypothetical protein,303.7474124,323.7169062,436.2151032,88.0365682,237.7196194,53.6586098
Soltu.DM.04G030940,1.118097913,5.44e-05,AT2G29760,Pentatricopeptide repeat (PPR) superfamily protein,56.95263982,80.03596798,71.0765823,134.86453,132.6096592,186.016514
Soltu.DM.04G031660,2.195762911,0.007602063,AT1G58340,MATE efflux family protein,29.10912702,40.01798399,43.20341277,112.3871083,106.9432735,294.0491817
Soltu.DM.04G031710,1.117174069,0.043496907,AT3G14250,RING/U-box superfamily protein,37.96842654,37.15955656,45.99072973,121.7527007,64.16596411,80.84563877
Soltu.DM.04G032210,-1.003424927,1.43e-06,AT1G44920,DUF3054 domain containing protein,4520.773987,5077.996326,4530.783707,2262.727115,2400.418162,2383.873171
Soltu.DM.04G032630,1.008128405,0.000719278,AT1G27770,calcium ATPase,516.370601,493.7933382,634.1146068,1461.032408,1051.710707,801.3019064
Soltu.DM.04G033090,1.237084859,0.003586987,AT5G10600,cytochrome P450; family 81; subfamily K; polypeptide,59.48386825,32.87191542,55.74633906,162.9613071,99.61002047,87.28467194
Soltu.DM.04G033180,2.460036598,0.005415269,AT4G37260,myb domain protein r1,353.1063669,340.1528639,539.3458304,1863.75288,468.7170902,4446.510132
Soltu.DM.04G033210,-3.143623996,3.82e-05,AT3G16150,N-terminal nucleophile aminohydrolases (Ntn hydrolases) superfamily protein,1633.907956,565.9686307,416.7038845,56.19355417,89.83234975,148.0977631
Soltu.DM.04G033650,2.893209802,2.96e-14,AT5G42900,cold regulated gene,330.3253109,335.1506159,391.6180319,3034.451925,3625.07142,1191.936586
Soltu.DM.04G034610,1.71078404,0.000931798,AT4G31940,cytochrome P450; family 82; subfamily C; polypeptide,220.216874,329.4337611,537.9521719,1434.80875,1400.651331,723.3180601
Soltu.DM.04G035790,1.390333849,0.01386905,AT4G39170,Sec14p-like phosphatidylinositol transfer family protein,27.8435128,32.15730856,37.62877887,56.19355417,51.9438757,143.8050743
Soltu.DM.04G035800,1.179614046,0.003276923,AT1G19660,Wound-responsive family protein,3382.986805,4214.751242,4911.252471,12280.1647,7096.75563,8963.849629
Soltu.DM.04G035850,-1.23900673,0.015095321,AT1G35180,TRAM; LAG1 and CLN8 (TLC) lipid-sensing domain containing protein,544.2141138,605.2720079,621.5716805,106.7677529,329.3852824,306.2117999
Soltu.DM.04G037030,1.109852731,3.44e-06,AT1G76040,calcium-dependent protein kinase,231.6074019,222.2427325,192.3248698,543.204357,439.384078,422.1143971
Soltu.DM.04G037270,3.987268625,0.041772822,AT1G76140,Prolyl oligopeptidase family protein,37.96842654,58.59776227,34.84146191,1929.312027,103.8877514,55.80495419
Soltu.DM.04G037500,-1.623992649,1.42e-05,AT1G42430,conserved hypothetical protein,755.5716882,671.0158387,706.5848476,119.8795822,267.0526316,296.1955261
Soltu.DM.04G038130,1.308581667,0.00022687,AT1G25360,Pentatricopeptide repeat (PPR) superfamily protein,34.17158389,27.86966742,26.47951105,91.78280515,64.16596411,68.68302055
Soltu.DM.04G038200,-1.149234263,0.00903183,AT2G33570,Domain of unknown function (DUF23),983.3822475,821.0832787,779.0550884,269.72906,305.55221,584.5211228
Soltu.DM.04G038210,2.119778643,0.046643706,AT1G21000,PLATZ transcription factor family protein,49.35895451,50.73708684,65.5019484,378.3699314,155.2205227,187.4474102
Soltu.DM.05G000860,2.977285213,0.020617229,AT3G29575,ABI five binding protein,151.8737062,160.071936,135.1848722,415.8323009,139.3318078,2965.532502
Soltu.DM.05G001610,1.166252266,0.015136228,AT1G68930,pentatricopeptide (PPR) repeat-containing protein,12.65614218,23.58202628,18.11756019,44.95484334,45.8328315,36.48785467
Soltu.DM.05G002540,1.020254257,0.007483626,AT1G68820,Transmembrane Fragile-X-F-associated protein,456.8867327,515.2315439,752.5755773,1588.404465,1225.264362,688.9765499
Soltu.DM.05G004810,2.588783755,0.009115367,AT1G71000,Chaperone DnaJ-domain superfamily protein,292.3568844,506.6562616,455.7263218,1288.705509,1928.64555,4331.322983
Soltu.DM.05G006330,1.019433906,0.001270934,AT1G69830,alpha-amylase-like,2324.933319,3169.281411,3669.502769,7709.755632,5696.104299,5177.698122
Soltu.DM.05G008150,1.590179311,0.022213166,AT1G10560,plant U-box,30.37474124,73.60450627,108.7053612,196.6774396,140.5540166,301.9191112
Soltu.DM.05G009520,1.468860532,2.98e-08,AT1G10760,Pyruvate phosphate dikinase; PEP/pyruvate binding domain,7487.373714,9569.300422,10543.02637,33229.1217,24154.51331,19023.7658
Soltu.DM.05G010880,-1.004313856,0.032036499,AT1G67630,DNA polymerase alpha,318.934783,207.2359885,192.3248698,80.54409431,142.3873299,129.4961117
Soltu.DM.05G011790,1.276904041,0.030869621,AT1G67340,HCP-like superfamily protein with MYND-type zinc finger,506.2456873,517.3753644,508.6853439,824.1721278,621.4931952,2264.393334
Soltu.DM.05G012520,1.542558181,1.69e-09,AT2G33500,B-box type zinc finger protein with CCT domain,334.1221536,308.7101622,218.8043808,1022.722686,953.9339997,546.6023719
Soltu.DM.05G017190,1.28653116,0.000163228,,hypothetical protein,60.74948247,71.4606857,47.3843882,166.707544,162.5537757,118.0489416
Soltu.DM.05G019720,1.197526767,9.09e-07,AT5G25880,NADP-malic enzyme,5068.784944,5293.807596,7164.798228,17449.97169,13125.30073,9629.216391
Soltu.DM.05G019830,3.592660859,0.018768937,AT2G46270,G-box binding factor,126.5614218,122.1977725,126.8229214,303.4451925,196.1645188,4030.11932
Soltu.DM.05G019950,1.400237683,0.044396272,AT2G46370,Auxin-responsive GH3 family protein,631.5414949,646.7192056,1169.279462,1313.056049,964.3227748,4176.786187
Soltu.DM.05G019990,1.067819995,0.047617738,AT4G11070,WRKY family transcription factor,101.2491375,72.88989941,167.2390172,299.6989556,279.8858244,133.0733523
Soltu.DM.05G020050,1.233357206,0.027412577,AT5G53130,cyclic nucleotide gated channel,205.0295033,205.092168,270.3697444,620.0022144,613.5488377,366.3094429
Soltu.DM.05G020580,-1.652281034,0.043998316,AT2G44940,Integrase-type DNA-binding superfamily protein,70.87439622,84.32360912,107.3117027,16.85806625,37.27736962,27.18702897
Soltu.DM.05G021200,-1.031107964,0.047844064,AT5G65400,alpha/beta-Hydrolases superfamily protein,1130.193497,1342.746284,1029.913614,271.6021785,793.2135372,641.7569732
Soltu.DM.05G022280,-1.360449503,0.005615316,AT5G05270,Chalcone-flavanone isomerase family protein,1521.26829,1187.676596,597.8794864,228.5204536,540.2163073,512.9763097
Soltu.DM.05G022340,1.636552123,0.034790087,AT5G05340,Peroxidase superfamily protein,6.328071091,12.14831657,11.14926781,26.22365861,28.72190774,37.91875093
Soltu.DM.05G022450,2.016730954,0.006159014,AT5G05410,DRE-binding protein 2A,70.87439622,81.46518169,80.83219164,284.7140078,209.6088161,449.3014261
Soltu.DM.05G022590,1.018966198,0.046987336,AT2G40140,zinc finger (CCCH-type) family protein,1175.755609,1228.409187,1297.496042,2206.53356,1876.09057,3416.980272
Soltu.DM.05G023010,2.639251618,0.034165502,AT3G11410,protein phosphatase 2CA,859.3520541,921.1282386,1605.494565,7155.312564,1466.039504,12471.69181
Soltu.DM.05G023720,1.208563604,0.047101375,AT1G15520,pleiotropic drug resistance,39.23404076,50.02247999,48.77804668,97.40216056,141.7762255,79.41474251
Soltu.DM.05G026040,-1.214701818,0.019789169,AT5G04660,cytochrome P450; family 77; subfamily A; polypeptide,2050.295033,2010.189089,1815.936995,473.8989735,1220.375527,831.3507279
Soltu.DM.05G027180,-2.745715824,0.001497754,AT2G13610,ABC-2 type transporter family protein,26.57789858,13.57753028,18.11756019,3.746236945,2.44441768,2.861792523
Soltu.DM.06G002570,3.690093523,0.033305049,AT3G07350,Protein of unknown function (DUF506) ,3.796842654,3.573034285,47.3843882,181.6924918,26.27749006,489.3665214
Soltu.DM.06G003090,2.584345827,0.004692135,,hypothetical protein,3.796842654,9.289889141,8.361950859,48.70108028,18.3331326,65.10577989
Soltu.DM.06G003240,1.082823874,0.002998757,AT2G29630,thiaminC,16275.79885,18221.76025,21162.70397,53322.06355,37901.91834,26681.92259
Soltu.DM.06G003380,1.616717881,2.57e-15,AT4G37300,maternal effect embryo arrest,923.8983792,902.5484604,1113.533123,2611.12715,3556.627725,2833.174598
Soltu.DM.06G003910,1.311605373,0.035357249,AT1G11290,Pentatricopeptide repeat (PPR) superfamily protein,15.18737062,17.86517142,11.14926781,37.46236945,43.99951824,30.76426962
Soltu.DM.06G003930,2.000909477,1.8e-08,AT3G46640,Homeodomain-like superfamily protein,26.57789858,52.88090742,30.66048648,129.2451746,160.7204625,162.4067257
Soltu.DM.06G004200,1.010185311,0.015136228,AT2G28900,outer plastid envelope protein 16-1,1256.754919,1452.79574,1197.152631,3107.503546,2273.308443,2494.767632
Soltu.DM.06G006550,3.982326538,0.045669423,AT5G52640,heat shock protein 81-2,6.328071091,10.71910285,5.574633906,13.11182931,7.944357461,339.1224139
Soltu.DM.06G009180,1.825476607,2.72e-06,AT2G40080,Protein of unknown function (DUF1313),378.4186512,527.3798604,341.4463267,936.5592362,1528.983259,1957.466086
Soltu.DM.06G009240,1.504853133,1.21e-11,AT2G40080,Protein of unknown function (DUF1313),212.6231886,194.3730651,128.2165798,518.8538168,600.7156449,407.8054345
Soltu.DM.06G010320,2.074384091,0.041691812,AT2G40340,DRE-binding protein 2A,49.35895451,67.17304456,58.53365601,207.9161504,125.8875105,404.2281938
Soltu.DM.06G010530,1.911068676,0.007272159,AT3G10985,senescence associated gene,78.46808152,86.46742969,112.8863366,224.7742167,204.1088763,612.4235999
Soltu.DM.06G010580,6.596764107,0.000931798,AT3G56200,Transmembrane amino acid transporter family protein,0.0,1.429213714,1.393658477,67.43226501,14.66650608,203.1872691
Soltu.DM.06G012850,-1.181342081,0.017985535,AT5G51950,Glucose-methanol-choline (GMC) oxidoreductase family protein,1870.577814,1275.57324,1073.117027,314.6839034,571.3826327,967.2858727
Soltu.DM.06G013460,6.215281698,0.013862533,AT5G52640,heat shock protein 90.1,8.859299527,7.14606857,2.787316953,11.23871083,10.99987956,1378.668548
Soltu.DM.06G013730,6.195084082,0.00081251,AT3G11410,protein phosphatase 2CA,2.531228436,4.287641142,5.574633906,151.7225963,3.66662652,751.2205372
Soltu.DM.06G014070,2.676148431,0.002201365,AT2G46680,homeobox,105.0459801,124.3415931,193.7185282,1054.5657,353.8294592,1294.245668
Soltu.DM.06G015000,2.41527674,0.003371789,AT3G22830,heat shock transcription factor  A6B,15.18737062,59.31236913,51.56536363,230.3935721,149.7205829,296.9109742
Soltu.DM.06G017300,1.87152052,0.017091393,AT1G01720,NAC (No Apical Meristem) domain transcriptional regulator superfamily protein,432.8400626,593.8382981,560.2507076,1809.432444,742.4918704,3256.004443
Soltu.DM.06G017960,1.398005772,0.005615316,AT2G35710,Nucleotide-diphospho-sugar transferases superfamily protein,242.9979299,256.5438617,362.3512039,790.4559953,559.7716488,919.3508479
Soltu.DM.06G018660,1.598712534,0.026639066,AT4G17900,PLATZ transcription factor family protein,321.4660114,473.0697393,639.6892407,1567.800161,883.6569914,1892.360306
Soltu.DM.06G018970,2.194751156,0.017254184,AT5G25140,cytochrome P450; family 71; subfamily B; polypeptide,2.531228436,10.71910285,8.361950859,58.06667264,18.94423702,29.33337336
Soltu.DM.06G019440,-2.189630399,0.046128432,AT2G45180,Bifunctional inhibitor/lipid-transfer protein/seed storage 2S albumin superfamily protein,12190.39615,10873.45794,9457.366422,487.0108028,3277.964109,3361.175318
Soltu.DM.06G019500,2.798722491,0.000143954,,hypothetical protein,8.859299527,10.71910285,22.29853562,110.5139899,100.2211249,75.83750185
Soltu.DM.06G019540,1.061217484,0.008869328,AT5G25280,serine-rich protein-related,79.73369574,72.17529255,93.37511793,164.8344256,117.9431531,226.0816093
Soltu.DM.06G021830,2.215039068,0.045669423,AT3G21150,B-box,7.593685309,27.15506056,11.14926781,63.68602806,18.94423702,135.9351448
Soltu.DM.06G022610,-1.077078246,0.018371373,AT4G26110,nucleosome assembly protein1;1,180.9828332,164.3595771,143.5468231,52.44731723,92.88787185,81.5610869
Soltu.DM.06G022980,3.71853155,0.008869328,AT5G56550,oxidative stress,5.062456873,8.575282284,23.6921941,59.93979112,20.16644586,404.943642
Soltu.DM.06G023110,-1.760440843,0.010638998,AT3G16240,delta tonoplast integral protein,59.48386825,50.02247999,33.44780344,13.11182931,9.777670721,19.31709953
Soltu.DM.06G023850,3.101734667,0.049001018,AT1G15330,Cystathionine beta-synthase (CBS) protein,2.531228436,7.14606857,8.361950859,24.35054014,11.61098398,118.7643897
Soltu.DM.06G024010,3.323093676,0.016977495,AT5G25280,serine-rich protein-related,21.51544171,11.43370971,16.72390172,110.5139899,34.22184752,349.1386878
Soltu.DM.06G024310,2.094127202,0.017148648,AT1G80920,Chaperone DnaJ-domain superfamily protein,237.935473,328.0045473,635.5082653,2264.600233,1547.316392,1316.42456
Soltu.DM.06G024900,-1.154126353,0.01496256,AT1G73650,Protein of unknown function (DUF1295),1679.470067,1717.914884,1318.400919,355.8925097,996.7113091,758.3750185
Soltu.DM.06G025430,2.018267821,0.015861196,AT5G60910,K-box region and MADS-box transcription factor family protein ,69.608782,45.73483885,47.3843882,404.59359,144.2206431,113.7562528
Soltu.DM.06G025760,1.606051266,0.000303646,AT5G61380,CCT motif -containing response regulator protein,511.3081441,508.0854753,602.0604619,1625.866834,1302.263519,2006.116558
Soltu.DM.06G025780,1.585332659,0.026500174,AT5G61400,Pentatricopeptide repeat (PPR) superfamily protein,17.71859905,23.58202628,6.968292383,54.3204357,54.38829338,42.21143971
Soltu.DM.06G026880,6.294117256,0.001859532,AT3G48240,Octicosapeptide/Phox/Bem1p family protein,5.062456873,6.431461713,2.787316953,123.6258192,4.88883536,1003.773727
Soltu.DM.06G026950,1.742135612,0.021592871,AT3G48360,BTB and TAZ domain protein,934.023293,1024.031626,1201.333607,4199.531615,1679.314946,4691.193393
Soltu.DM.06G027540,-2.345616612,0.047101375,AT3G17680,Kinase interacting (KIP1-like) family protein,116.4365081,30.72809485,19.51121867,1.873118472,10.38877514,18.6016514
Soltu.DM.06G028830,1.511775431,0.014967278,AT3G59300,Pentatricopeptide repeat (PPR) superfamily protein,84.79615262,60.02697599,93.37511793,320.3032588,190.6645791,168.8457588
Soltu.DM.06G030320,2.23273276,0.043972661,AT5G60790,ABC transporter family protein,79.73369574,87.89664341,101.7370688,597.5247927,183.9424304,485.7892807
Soltu.DM.06G030550,1.74156038,0.017215696,AT5G60680,Protein of unknown function; DUF584,240.4667014,272.2652125,475.2375405,1114.505491,476.0503432,1710.63648
Soltu.DM.06G031410,3.280740547,0.017091393,AT5G02500,heat shock cognate protein 70-1,503.7144588,588.1214433,752.5755773,1770.096956,883.045887,15269.80945
Soltu.DM.06G031440,1.000477367,0.000111228,AT2G28840,XB3 ortholog 1 in Arabidopsis thaliana,99.98352323,121.4831657,131.0038968,224.7742167,236.4974106,242.5369163
Soltu.DM.06G031490,1.829777342,0.031149936,AT1G07620,Protein of unknown function (DUF3741),25.31228436,31.44270171,68.28926535,206.043032,135.6651813,101.5936346
Soltu.DM.06G031660,1.933789996,4.86e-11,AT3G46640,Homeodomain-like superfamily protein,53.15579716,40.01798399,32.05414496,202.296795,171.720342,111.6099084
Soltu.DM.06G031720,1.972330638,0.028344591,AT2G29380,highly ABA-induced PP2C gene,234.1386304,250.1123999,362.3512039,975.8947241,373.9959051,1970.344152
Soltu.DM.06G031870,5.450308766,0.027396066,AT1G07400,HSP20-like chaperones superfamily protein,25.31228436,10.71910285,20.90487715,14.98494778,31.16632542,2436.816333
Soltu.DM.06G031980,3.061981628,0.012936167,AT1G07350,RNA-binding (RRM/RBD/RNP motifs) family protein,305.0130266,287.2719565,260.6141351,874.7463266,362.3849211,5884.560875
Soltu.DM.06G032270,2.586823194,0.008892511,AT2G40080,Protein of unknown function (DUF1313),13.9217564,11.43370971,6.968292383,89.90968667,34.22184752,72.97570933
Soltu.DM.06G032320,2.104508329,0.015194984,AT5G58620,zinc finger (CCCH-type) family protein,353.1063669,385.1730959,461.3009557,1528.464673,893.4346621,2735.873652
Soltu.DM.06G033930,-1.72679335,0.000447659,AT3G24750,conserved hypothetical protein,67.07755356,74.31911313,114.2799951,18.73118472,29.94411658,25.75613271
Soltu.DM.06G034500,-1.055943642,0.049734031,AT1G04220,3-ketoacyl-CoA synthase,359.434438,324.4315131,196.5058452,106.7677529,133.2207636,181.0083771
Soltu.DM.06G034820,2.323441119,0.028968528,AT3G63060,EID1-like,675.8379925,815.3664238,884.9731326,4072.159559,920.3232566,6901.212669
Soltu.DM.07G000030,-1.149369915,0.028391936,AT2G07690,Minichromosome maintenance (MCM2/3/5) family protein,1193.474208,777.4922604,765.1185036,327.7957327,510.2721907,392.0655756
Soltu.DM.07G000310,1.110459728,0.022213166,AT2G24280,alpha/beta-Hydrolases superfamily protein,479.6677887,508.0854753,798.5663071,1740.127061,1111.59894,1007.350968
Soltu.DM.07G000470,-1.343353522,4.04e-07,AT2G24270,aldehyde dehydrogenase 11A3,11723.3845,8941.160994,6388.530456,3699.408983,3671.515356,3292.492297
Soltu.DM.07G000480,1.494050062,0.000154649,AT2G24260,LJRHL1-like,29.10912702,21.43820571,15.33024324,69.30538348,55.61050222,63.67488363
Soltu.DM.07G001240,1.726130513,0.046041908,AT3G26618,eukaryotic release factor 1-3,140.4831782,202.9483474,228.5599902,962.7828948,403.3289172,529.4316167
Soltu.DM.07G001840,1.70017136,0.013441668,AT2G39780,ribonuclease,22.78105593,17.15056457,29.26682801,89.90968667,34.83295194,98.73184204
Soltu.DM.07G002320,1.237451703,0.049025298,AT3G15130,Tetratricopeptide repeat (TPR)-like superfamily protein,16.45298484,15.006744,16.72390172,43.08172486,40.33289172,30.76426962
Soltu.DM.07G002500,1.600409383,0.047484942,,hypothetical protein,6.328071091,7.14606857,11.14926781,37.46236945,21.3886547,17.88620327
Soltu.DM.07G005240,1.038055611,0.04850174,AT4G21390,S-locus lectin protein kinase family protein,17.71859905,23.58202628,25.08585258,37.46236945,53.77718896,42.92688784
Soltu.DM.07G006220,1.131223604,0.000889194,AT5G20700,Protein of unknown function (DUF581),1416.22231,1986.607062,2199.193076,4849.503725,3703.292785,3723.90752
Soltu.DM.07G011640,-1.037894412,0.042081364,AT4G29720,polyamine oxidase,208.826346,153.6404742,164.4517002,69.30538348,89.22124533,95.15460138
Soltu.DM.07G011880,4.435310253,0.002786887,AT2G26150,heat shock transcription factor A2,20.24982749,27.86966742,34.84146191,331.5419696,39.7217873,1422.310884
Soltu.DM.07G012130,1.47181526,0.047101375,AT5G57050,Protein phosphatase 2C family protein,1331.426157,1431.357535,1953.909184,4484.245623,2354.58533,6243.000388
Soltu.DM.07G012710,1.552686721,0.000471812,AT5G60360,aleurain-like protease,5647.170641,6800.913458,8881.785471,29218.77505,20003.89209,13355.27026
Soltu.DM.07G012750,1.928978054,0.001081947,AT2G05940,Protein kinase superfamily protein,8.859299527,33.58652228,44.59707125,161.0881886,90.44345417,85.13832755
Soltu.DM.07G012900,1.838076947,0.000889194,AT1G17400,conserved hypothetical protein,12.65614218,13.57753028,23.6921941,58.06667264,70.27700831,45.78868036
Soltu.DM.07G013850,1.531679164,0.038524,AT3G21750,UDP-Glycosyltransferase superfamily protein,124.0301934,155.069688,143.5468231,404.59359,187.609057,631.0252513
Soltu.DM.07G014000,1.871782017,0.001882449,AT3G12750,zinc transporter 1 precursor,170.8579194,195.087672,211.8360884,1045.200108,516.3832349,557.3340938
Soltu.DM.07G014000,1.871782017,0.001882449,AT1G05300,zinc transporter 5 precursor,170.8579194,195.087672,211.8360884,1045.200108,516.3832349,557.3340938
Soltu.DM.07G014090,1.536917067,0.00022687,AT3G22200,Pyridoxal phosphate (PLP)-dependent transferases superfamily protein,351.8407526,272.9798194,412.5229091,1363.630248,969.2116102,677.5293798
Soltu.DM.07G014670,1.060858418,0.037919148,,AAA domain containing protein,129.0926502,149.3528331,222.9853562,503.8688691,263.9971095,282.6020116
Soltu.DM.07G018720,1.759197323,0.02525015,AT1G11360,Adenine nucleotide alpha hydrolases-like superfamily protein,170.8579194,153.6404742,165.8453587,664.9570577,213.886547,781.9848068
Soltu.DM.07G019630,1.557283,0.01395361,AT2G20880,Integrase-type DNA-binding superfamily protein,136.6863356,161.5011497,175.600968,275.3484154,347.1073106,768.3912924
Soltu.DM.07G020090,2.82554757,0.002977292,AT5G44210,erf domain protein,255.6540721,208.6652022,280.1253538,1243.750666,262.1637962,3768.265304
Soltu.DM.07G021600,1.427484926,0.049535229,AT4G32300,S-domain-2,12.65614218,18.57977828,23.6921941,69.30538348,38.49957846,42.92688784
Soltu.DM.07G021700,1.864852798,0.000165403,AT1G06460,alpha-crystallin domain 32.1,442.9649763,740.3327038,822.2585012,3572.036927,2154.143081,1585.433058
Soltu.DM.07G021710,2.159018391,0.005678307,AT3G57030,Calcium-dependent phosphotriesterase superfamily protein,26.57789858,32.15730856,34.84146191,155.4688332,100.2211249,163.1221738
Soltu.DM.07G022200,2.09251652,0.008790563,AT3G07600,Heavy metal transport/detoxification superfamily protein ,37.96842654,82.17978855,132.3975553,234.139809,380.7180537,458.6022518
Soltu.DM.07G024500,1.55984213,0.00022687,AT1G52920,G protein coupled receptor,30.37474124,42.16180456,39.02243734,170.453781,94.72118511,75.83750185
Soltu.DM.07G024630,-1.372844152,0.001476568,AT1G61810,beta-glucosidase,950.4762778,1005.451848,1137.225317,277.2215339,553.0495001,358.4395135
Soltu.DM.07G024710,3.129353719,0.022726981,AT4G27410,NAC (No Apical Meristem) domain transcriptional regulator superfamily protein,24.04667014,30.72809485,69.68292383,369.0043391,67.22148621,649.6269027
Soltu.DM.07G025140,1.30564228,0.039842966,AT4G27290,S-locus lectin protein kinase family protein,216.4200313,250.1123999,299.6365725,636.8602806,340.385162,916.4890554
Soltu.DM.07G025150,1.003333285,0.023944638,AT3G20640,basic helix-loop-helix (bHLH) DNA-binding superfamily protein,97.4522948,119.3393451,167.2390172,213.5355058,243.2195592,307.6426962
Soltu.DM.07G026560,-2.04885349,0.000121482,AT2G32990,glycosyl hydrolase 9B8,239.2010872,160.7865428,160.2707248,18.73118472,64.16596411,47.21957663
Soltu.DM.07G027040,-1.294444037,0.001432718,AT5G61750,RmlC-like cupins superfamily protein,83.5305384,78.60675427,73.86389926,31.84301403,40.94399614,22.89434018
Soltu.DM.08G000370,-1.206985598,0.002723821,AT1G12420,ACT domain repeat,91.12422371,89.32585712,72.47024078,28.09677709,42.7773094,35.77240653
Soltu.DM.08G000480,1.95451054,0.046987336,AT1G62790,Bifunctional inhibitor/lipid-transfer protein/seed storage 2S albumin superfamily protein,16.45298484,25.72584685,13.93658477,88.0365682,77.61026135,55.80495419
Soltu.DM.08G000980,1.426155339,0.043891471,AT4G16820,alpha/beta-Hydrolases superfamily protein,10.12491375,12.14831657,18.11756019,37.46236945,39.11068288,30.76426962
Soltu.DM.08G001760,1.595262583,0.015136228,AT2G36690,2-oxoglutarate (2OG) and Fe(II)-dependent oxygenase superfamily protein,30.37474124,25.01123999,26.47951105,82.41721278,95.94339395,67.96757242
Soltu.DM.08G002090,1.031864814,0.043496907,AT5G10650,RING/U-box superfamily protein,288.5600417,357.3034285,600.6668034,1150.094742,772.4359869,628.1634588
Soltu.DM.08G002160,-1.480500836,0.001941076,AT2G24580,FAD-dependent oxidoreductase family protein,112.6396654,87.18203655,66.89560687,28.09677709,40.33289172,25.75613271
Soltu.DM.08G003230,-1.706641448,0.045669423,AT4G19380,Long-chain fatty alcohol dehydrogenase family protein,316.4035545,232.2472285,176.9946265,28.09677709,101.4433337,89.43101634
Soltu.DM.08G005170,1.038544419,0.003583567,AT4G10730,Protein kinase superfamily protein,230.3417877,290.1303839,324.722425,726.7699673,544.4940383,471.4803181
Soltu.DM.08G008540,1.515762459,0.034545975,AT1G30370,alpha/beta-Hydrolases superfamily protein,22.78105593,26.44045371,41.8097543,91.78280515,37.88847404,129.4961117
Soltu.DM.08G010200,4.180294105,0.001525937,AT3G48280,cytochrome P450; family 71; subfamily B; polypeptide,2.531228436,0.714606857,22.29853562,125.4989376,55.61050222,262.569464
Soltu.DM.08G010200,4.180294105,0.001525937,AT3G26300,cytochrome P450; family 71; subfamily B; polypeptide,2.531228436,0.714606857,22.29853562,125.4989376,55.61050222,262.569464
Soltu.DM.08G010200,4.180294105,0.001525937,AT3G48320,cytochrome P450; family 71; subfamily A; polypeptide,2.531228436,0.714606857,22.29853562,125.4989376,55.61050222,262.569464
Soltu.DM.08G011270,1.181707086,0.00417756,AT4G32295,conserved hypothetical protein,136.6863356,140.7775508,241.1029164,383.9892868,397.8289775,388.488335
Soltu.DM.08G013100,1.384605404,0.00430126,AT4G33050,calmodulin-binding family protein,169.5923052,154.3550811,203.4741376,350.2731543,304.3300012,716.879027
Soltu.DM.08G013140,1.828652234,0.003583176,AT2G26150,heat shock transcription factor A2,1946.514667,2308.180148,2511.372575,5167.933865,4072.399855,14790.45921
Soltu.DM.08G013900,1.520534004,0.000926384,,hypothetical protein,60.74948247,47.16405256,61.32097297,226.6473352,117.3320486,144.5205224
Soltu.DM.08G013990,1.896186297,0.041691812,AT1G55340,Protein of unknown function (DUF1639),148.0768635,130.7730548,133.7912137,376.4968129,151.5538962,1006.63552
Soltu.DM.08G014110,2.028903041,0.038210009,AT2G19810,Zinc finger C-x8-C-x5-C-x3-H type family protein,326.5284683,282.2697085,865.4619139,2395.718526,677.1036974,2939.776369
Soltu.DM.08G015120,1.241214946,0.004384575,AT3G14440,nine-cis-epoxycarotenoid dioxygenase,103.7803659,149.3528331,224.3790147,518.8538168,296.3856437,317.65897
Soltu.DM.08G015120,1.241214946,0.004384575,AT3G63520,carotenoid cleavage dioxygenase,103.7803659,149.3528331,224.3790147,518.8538168,296.3856437,317.65897
Soltu.DM.08G017020,1.86439189,0.023935891,AT5G25560,CHY-type/CTCHY-type/RING-type Zinc finger protein,2280.636821,2912.022942,3863.221297,8863.596611,4915.11285,19193.327
Soltu.DM.08G020110,2.114798673,0.019733385,AT4G19390,conserved hypothetical protein,594.8386825,868.2473312,1085.659953,3931.675673,1404.317957,5703.552498
Soltu.DM.08G020380,1.464056126,0.000841312,AT1G31790,Tetratricopeptide repeat (TPR)-like superfamily protein,59.48386825,76.4629337,101.7370688,290.3333632,193.7201012,175.284792
Soltu.DM.08G022540,1.933936077,0.042921382,AT4G17940,Tetratricopeptide repeat (TPR)-like superfamily protein,72.14001043,68.60225827,146.33414,492.6301582,164.9981934,437.854256
Soltu.DM.08G022680,1.931666103,0.027445507,AT4G17900,PLATZ transcription factor family protein,197.435818,255.8292548,476.631199,1003.991501,625.7709261,1914.539198
Soltu.DM.08G023200,1.043737706,0.049001018,AT3G29230,Tetratricopeptide repeat (TPR)-like superfamily protein,21.51544171,17.15056457,20.90487715,44.95484334,35.44405636,42.21143971
Soltu.DM.08G023420,2.399241431,1.09e-06,AT4G17090,chloroplast beta-amylase,1280.801589,1698.620499,1963.664793,10952.12371,9803.948211,5322.218644
Soltu.DM.08G023710,1.26094469,0.01386905,AT5G55410,Bifunctional inhibitor/lipid-transfer protein/seed storage 2S albumin superfamily protein,65.81193934,70.74607884,86.40682554,149.8494778,164.387089,216.7807836
Soltu.DM.08G025020,1.368664453,0.049545377,AT3G07040,Disease resistance protein (CC-NBS-LRR class) family,15.18737062,13.57753028,11.14926781,35.58925097,16.49981934,52.22771354
Soltu.DM.08G025250,-4.262139671,0.032036499,AT4G12510,Bifunctional inhibitor/lipid-transfer protein/seed storage 2S albumin superfamily protein,766.9622162,192.2292445,11.14926781,24.35054014,20.16644586,6.439033176
Soltu.DM.08G026840,-1.413055571,0.000570245,AT1G12570,Glucose-methanol-choline (GMC) oxidoreductase family protein,2003.467307,2112.377869,2406.848189,473.8989735,1136.654221,830.6352797
Soltu.DM.08G027340,-1.351198721,0.033926887,AT4G31360,selenium binding,193.6389754,129.3438411,126.8229214,37.46236945,78.83247019,56.52040232
Soltu.DM.08G027950,-1.187312026,0.00235347,AT2G45970,cytochrome P450; family 86; subfamily A; polypeptide,2915.975159,3354.364587,3638.842282,773.5979291,1787.480429,1780.034949
Soltu.DM.08G028500,3.547079797,0.010366115,AT1G64110,P-loop containing nucleoside triphosphate hydrolases superfamily protein,6.328071091,2.858427428,2.787316953,71.17850195,12.2220884,55.80495419
Soltu.DM.08G028850,3.587985801,0.000298535,AT4G23810,WRKY family transcription factor,11.39052796,7.860675427,19.51121867,31.84301403,138.7207034,284.748356
Soltu.DM.08G029680,1.747244941,0.039628772,AT4G24020,Plant regulator RWP-RK family protein,10.12491375,15.72135085,32.05414496,86.16344973,61.72154642,45.78868036
Soltu.DM.08G029680,1.747244941,0.039628772,AT4G24020,NIN like protein,10.12491375,15.72135085,32.05414496,86.16344973,61.72154642,45.78868036
Soltu.DM.08G030040,3.496119369,0.020613214,AT2G46680,homeobox,18.98421327,35.01573599,93.37511793,543.204357,87.38793207,1028.098964
Soltu.DM.09G000490,-1.321239273,0.004678421,AT2G38110,glycerol-3-phosphate acyltransferase,2171.793998,2869.861138,3387.983756,919.7011699,1271.708298,1179.058519
Soltu.DM.09G001260,1.809809085,0.013484736,AT3G09270,glutathione S-transferase TAU,36.70281233,67.17304456,58.53365601,194.8043211,110.6099,266.8621527
Soltu.DM.09G001780,-1.042416305,0.045669423,AT1G07440,NAD(P)-binding Rossmann-fold superfamily protein,898.5860949,994.7327449,1137.225317,271.6021785,461.3838371,731.9034377
Soltu.DM.09G002920,1.221859354,0.026708669,AT4G21065,Tetratricopeptide repeat (TPR)-like superfamily protein,16.45298484,20.008992,13.93658477,54.3204357,30.555221,40.06509532
Soltu.DM.09G002950,2.217003062,0.018769407,AT1G06620,2-oxoglutarate (2OG) and Fe(II)-dependent oxygenase superfamily protein,3.796842654,7.860675427,11.14926781,46.82796181,31.77742984,28.61792523
Soltu.DM.09G002960,1.969899422,0.014725686,AT1G06620,2-oxoglutarate (2OG) and Fe(II)-dependent oxygenase superfamily protein,41.7652692,55.73933484,94.7687764,354.0193913,213.886547,185.3010659
Soltu.DM.09G002970,1.815323562,0.000893087,AT1G06620,2-oxoglutarate (2OG) and Fe(II)-dependent oxygenase superfamily protein,17.71859905,25.72584685,39.02243734,99.27527904,109.3876912,79.41474251
Soltu.DM.09G003140,-1.201193199,0.02525015,,Nucleic acid-binding; OB-fold-like protein,272.1070569,196.5168857,202.0804791,63.68602806,124.6653017,98.73184204
Soltu.DM.09G005210,2.982709687,0.017628989,AT2G39210,Major facilitator superfamily protein,3.796842654,5.002247999,2.787316953,5.619355417,4.88883536,81.5610869
Soltu.DM.09G007080,1.460291932,0.024241305,AT2G37320,Tetratricopeptide repeat (TPR)-like superfamily protein,10.12491375,17.86517142,19.51121867,61.81290959,42.16620498,31.47971775
Soltu.DM.09G007650,2.214036468,0.046987336,AT2G38250,Homeodomain-like superfamily protein,1.265614218,6.431461713,5.574633906,3.746236945,16.49981934,40.78054345
Soltu.DM.09G008350,-1.115809076,0.017479917,AT2G46760,D-arabinono-1;4-lactone oxidase family protein,35.43719811,35.73034285,48.77804668,16.85806625,15.88871492,21.46344392
Soltu.DM.09G009490,2.257860715,0.042940859,AT2G38470,WRKY DNA-binding protein,3.796842654,13.57753028,13.93658477,33.7161325,37.88847404,78.69929438
Soltu.DM.09G009900,1.987103125,0.021005598,AT5G05340,Peroxidase superfamily protein,13.9217564,8.575282284,29.26682801,61.81290959,25.05528122,112.3253565
Soltu.DM.09G012800,-1.898828001,0.022403875,AT5G58300,Leucine-rich repeat protein kinase family protein,737.8530892,503.0832273,383.256081,71.17850195,221.2198001,140.2278336
Soltu.DM.09G019250,4.837804055,0.001838372,AT3G63060,EID1-like,41.7652692,70.74607884,176.9946265,1964.901278,102.0544381,6203.650741
Soltu.DM.09G019660,-1.496986222,0.046041908,AT4G09820,basic helix-loop-helix (bHLH) DNA-binding superfamily protein,226.544945,123.6269863,59.92731449,18.73118472,38.49957846,84.42287942
Soltu.DM.09G019700,-1.60563089,0.041772822,AT5G19260,Protein of unknown function (DUF3049),58.21825403,34.30112913,32.05414496,14.98494778,14.05540166,12.16261822
Soltu.DM.09G020460,2.674269799,0.013193851,AT3G22970,Protein of unknown function (DUF506) ,86.06176683,60.02697599,82.22585012,224.7742167,101.4433337,1127.546254
Soltu.DM.09G021640,1.294039254,0.005576238,AT4G28570,Long-chain fatty alcohol dehydrogenase family protein,26.57789858,28.58427428,33.44780344,76.79785737,73.94363483,66.53667615
Soltu.DM.09G022610,1.46952471,0.019789169,AT3G63010,alpha/beta-Hydrolases superfamily protein,58.21825403,78.60675427,72.47024078,177.9462549,100.8322293,301.9191112
Soltu.DM.09G023500,1.984215611,0.008790563,AT2G06510,replication protein A 1A,2.531228436,5.716854856,4.18097543,18.73118472,10.38877514,24.32523644
Soltu.DM.09G023540,1.152275217,0.002998757,AT3G62890,Pentatricopeptide repeat (PPR) superfamily protein,50.62456873,47.87865942,41.8097543,134.86453,103.276647,80.84563877
Soltu.DM.09G024150,1.088250815,0.025605163,AT5G26340,Major facilitator superfamily protein,560.6670986,715.3214638,928.1765454,1440.428105,1734.314344,1508.880108
Soltu.DM.09G024200,2.443105419,0.003722782,,Haloacid dehalogenase-like hydrolase (HAD) superfamily protein,148.0768635,152.9258674,292.6682801,1391.727025,465.6615681,1368.652274
Soltu.DM.09G025630,1.108669493,0.039561748,AT2G23770,Protein kinase superfamily protein,27.8435128,20.72359885,37.62877887,61.81290959,71.49921715,47.93502476
Soltu.DM.09G026080,1.470641276,0.022171371,AT4G14450,conserved hypothetical protein,134.1551071,210.0944159,217.4107223,400.8473531,380.1069493,774.8303255
Soltu.DM.09G026180,2.812942574,0.029286855,AT1G06620,2-oxoglutarate (2OG) and Fe(II)-dependent oxygenase superfamily protein,6.328071091,8.575282284,2.787316953,29.96989556,19.55534144,77.98384625
Soltu.DM.09G026670,1.306162414,0.001191198,AT2G38940,phosphate transporter 1;4,380.9498797,362.3056765,461.3009557,1393.600143,848.212935,741.9197115
Soltu.DM.09G027470,-1.213745336,0.028047047,AT1G04570,Major facilitator superfamily protein,63.28071091,46.4494457,41.8097543,11.23871083,26.27749006,23.60978831
Soltu.DM.09G028560,-1.784255195,0.035227953,AT5G13930,Chalcone and stilbene synthase family protein,1063.115943,498.7955862,96.16243488,125.4989376,180.8869083,173.8538958
Soltu.DM.09G028680,-1.071360779,0.001977125,AT1G04730,P-loop containing nucleoside triphosphate hydrolases superfamily protein,332.8565394,299.4202731,328.9034005,125.4989376,175.3869686,151.6750037
Soltu.DM.09G031820,2.625466355,0.008629041,AT4G02280,sucrose synthase,53.15579716,58.59776227,86.40682554,648.0989914,163.7759846,411.3826751
Soltu.DM.10G000080,-1.62247186,0.003622719,AT2G46830,Homeodomain-like superfamily protein,79.73369574,90.04046398,131.0038968,35.58925097,36.6662652,25.75613271
Soltu.DM.10G000080,-1.62247186,0.003622719,AT1G01060,circadian clock associated,79.73369574,90.04046398,131.0038968,35.58925097,36.6662652,25.75613271
Soltu.DM.10G000090,-1.347077757,0.000298535,AT1G01060,Homeodomain-like superfamily protein,1054.256644,1046.899045,1322.581894,496.3763952,574.4381548,276.1629784
Soltu.DM.10G000390,-1.078614547,0.032149108,AT5G28237,Pyridoxal-5'-phosphate-dependent enzyme family protein,761.8997593,613.8472901,694.0419213,355.8925097,276.8303023,348.4232396
Soltu.DM.10G000500,-1.650335423,0.017045687,AT1G61680,terpene synthase,131.6238787,108.6202423,135.1848722,22.47742167,43.99951824,50.08136915
Soltu.DM.10G000510,-1.754596532,0.008651336,AT1G61680,terpene synthase,742.915546,547.3888524,471.0565651,142.3570039,134.4429724,243.9678126
Soltu.DM.10G003670,1.60055997,0.013665269,AT3G14690,cytochrome P450; family 72; subfamily A; polypeptide,13.9217564,15.006744,20.90487715,65.55914653,63.55485969,22.89434018
Soltu.DM.10G003790,4.333773803,0.023711682,AT2G42560,late embryogenesis abundant domain-containing protein / LEA domain-containing protein,5.062456873,8.575282284,11.14926781,20.6043032,3.66662652,474.3421107
Soltu.DM.10G005000,2.804111706,0.001439298,AT3G15210,erf domain protein,55.6870256,54.31012113,64.10828992,286.5871263,120.9986752,806.3100433
Soltu.DM.10G005310,1.911106352,0.025038749,AT2G46660,cytochrome P450; family 78; subfamily A; polypeptide,43.03088342,47.16405256,75.25755773,239.7591645,345.8851017,35.0569584
Soltu.DM.10G005320,-1.012008901,0.035176795,AT2G46640,conserved hypothetical protein,224.0137166,191.5146377,225.7726732,67.43226501,113.6654221,130.9270079
Soltu.DM.10G005900,1.403888219,0.006690396,AT2G37040,PHE ammonia lyase,143.0144066,200.8045268,333.0843759,874.7463266,576.2714681,342.6996546
Soltu.DM.10G010380,1.044552057,0.002580438,AT5G62990,Ubiquitin carboxyl-terminal hydrolase family protein,83.5305384,67.88765141,86.40682554,207.9161504,161.3315669,124.4879747
Soltu.DM.10G011050,1.516117206,0.019315973,AT5G19875,conserved hypothetical protein,26.57789858,30.01348799,48.77804668,118.0064638,136.2762857,45.78868036
Soltu.DM.10G012320,1.569563349,2.36e-09,,hypothetical protein,101.2491375,112.9078834,94.7687764,342.7806804,270.1081537,313.3662812
Soltu.DM.10G013400,1.601388068,0.000361427,AT4G24220,NAD(P)-binding Rossmann-fold superfamily protein,263.2477574,353.0157873,466.8755896,1436.681868,1040.710827,812.0336283
Soltu.DM.10G014680,1.244947073,0.010054871,AT1G44542,Cyclase family protein,73.40562465,72.17529255,98.94975183,279.0946524,128.3319282,176.7156883
Soltu.DM.10G015000,1.706786626,0.000295202,AT1G45249,abscisic acid responsive elements-binding factor,27.8435128,22.86741942,19.51121867,106.7677529,69.66590389,58.66674672
Soltu.DM.10G015020,1.635683556,0.02525015,AT4G33980,cold regulated gene,16.45298484,12.86292343,19.51121867,41.20860639,44.61062266,62.24398737
Soltu.DM.10G016030,1.266789055,4.61e-15,AT2G16365,F-box family protein,392.3404076,409.469729,341.4463267,979.640961,1019.322173,764.8140517
Soltu.DM.10G017860,1.599271306,0.039055404,AT2G17040,NAC domain containing protein,62.01509669,48.59326627,66.89560687,106.7677529,223.0531133,203.1872691
Soltu.DM.10G018680,5.288518574,0.002216467,AT2G38540,lipid transfer protein,1.265614218,1.429213714,2.787316953,161.0881886,6.1110442,43.64233597
Soltu.DM.10G018790,3.832057594,0.005082384,AT2G38540,lipid transfer protein,16.45298484,17.15056457,8.361950859,419.5785378,37.27736962,146.6668668
Soltu.DM.10G018810,4.264369315,0.0006546,AT2G38540,lipid transfer protein,5.062456873,5.002247999,2.787316953,159.2150702,16.49981934,77.26839812
Soltu.DM.10G019160,2.471952114,0.000468596,AT5G03570,iron regulated,1.265614218,5.716854856,5.574633906,39.33548792,25.05528122,14.30896261
Soltu.DM.10G019180,1.044962184,1.29e-05,AT5G01720,RNI-like superfamily protein,126.5614218,112.9078834,100.3434103,228.5204536,238.3307238,233.9515387
Soltu.DM.10G024030,-1.047406231,0.0071835,AT2G37210,lysine decarboxylase family protein,493.5895451,423.7618662,275.9443784,131.1182931,194.3312056,246.114157
Soltu.DM.10G024900,-1.993046397,0.041836694,AT3G52910,growth-regulating factor,103.7803659,36.44494971,19.51121867,11.23871083,14.66650608,13.59351448
Soltu.DM.10G025190,-1.794691269,0.041772822,AT3G51680,NAD(P)-binding Rossmann-fold superfamily protein,621.4165811,602.4135804,554.6760737,41.20860639,245.6639769,221.7889205
Soltu.DM.10G026330,2.126897773,0.015282393,AT3G56880,VQ motif-containing protein,91.12422371,89.32585712,154.6960909,288.4602447,164.9981934,1005.920072
Soltu.DM.10G026590,1.008426699,0.043810954,AT2G23180,cytochrome P450; family 96; subfamily A; polypeptide,40.49965498,40.73259085,91.98145945,125.4989376,99.61002047,118.7643897
Soltu.DM.10G026840,-1.001917439,0.027199113,AT5G06700,Plant protein of unknown function (DUF828),464.4804181,388.7461302,395.7990073,142.3570039,218.7753824,256.8458789
Soltu.DM.10G028240,-1.366580154,0.017479917,AT5G46800,Mitochondrial substrate carrier family protein,10335.00571,9319.902629,6448.457771,2444.419606,3583.516319,4092.363308
Soltu.DM.10G028300,4.245197296,0.018743356,AT5G12840,nuclear factor Y; subunit A9,3.796842654,3.573034285,6.968292383,89.90968667,4.88883536,173.8538958
Soltu.DM.10G029690,-1.886303474,7.67e-07,AT2G32560,F-box family protein,461.9491896,455.2045679,478.0248574,54.3204357,150.3316873,163.8376219
Soltu.DM.10G029820,-1.956678532,0.038471632,AT1G63380,NAD(P)-binding Rossmann-fold superfamily protein,189.8421327,185.7977828,65.5019484,5.619355417,43.99951824,60.81309111
Soltu.DM.10G029820,-1.956678532,0.038471632,AT1G62610,NAD(P)-binding Rossmann-fold superfamily protein,189.8421327,185.7977828,65.5019484,5.619355417,43.99951824,60.81309111
Soltu.DM.11G001000,1.19935077,1.43e-06,AT4G22260,Alternative oxidase family protein,468.2772607,535.9551427,510.0790024,1318.675405,1161.709503,1005.204624
Soltu.DM.11G002380,-1.179961657,0.026639066,AT1G74670,GAST1 protein homolog,168.326691,182.9393554,135.1848722,31.84301403,92.27676743,84.42287942
Soltu.DM.11G002540,2.149663297,0.016797029,AT5G16600,myb domain protein,31.64035545,41.4471977,72.47024078,116.1333453,73.33253041,452.1632186
Soltu.DM.11G002920,2.108771469,0.005537369,AT5G65500,U-box domain-containing protein kinase family protein,45.56211185,63.60001027,167.2390172,522.6000538,489.4946405,176.0002402
Soltu.DM.11G003370,1.293038729,0.002723821,AT5G64290,dicarboxylate transport 2.1,56.95263982,56.4539417,108.7053612,249.1247568,190.6645791,104.4554271
Soltu.DM.11G004060,-1.05102368,0.017145768,AT1G65450,HXXXD-type acyl-transferase family protein,2976.724641,3528.72866,4090.387629,1136.982913,1875.479465,2094.832127
Soltu.DM.11G005310,-1.120086408,0.002169688,AT5G04660,cytochrome P450; family 77; subfamily A; polypeptide,951.741892,896.1169986,880.7921572,310.9376664,415.5510056,522.9925835
Soltu.DM.11G005530,1.246103479,0.039118697,AT5G65550,UDP-Glycosyltransferase superfamily protein,43.03088342,72.88989941,61.32097297,123.6258192,95.33228953,203.1872691
Soltu.DM.11G005960,1.058092359,0.005580128,AT5G65550,UDP-Glycosyltransferase superfamily protein,44.29649763,66.4584377,68.28926535,125.4989376,104.4988558,145.2359705
Soltu.DM.11G006130,1.489505295,0.001354807,AT3G53360,Tetratricopeptide repeat (TPR)-like superfamily protein,13.9217564,18.57977828,13.93658477,46.82796181,47.66614476,40.06509532
Soltu.DM.11G008040,1.221468024,0.008892511,AT1G20230,Pentatricopeptide repeat (PPR) superfamily protein,20.24982749,30.01348799,19.51121867,59.93979112,62.94375526,45.78868036
Soltu.DM.11G010300,2.46908046,0.015095321,AT3G06240,F-box family protein,5.062456873,10.71910285,8.361950859,29.96989556,20.16644586,85.13832755
Soltu.DM.11G010310,1.673727966,0.030035188,AT3G06240,F-box family protein,18.98421327,30.01348799,37.62877887,114.2602268,54.9993978,108.7481159
Soltu.DM.11G011430,1.476482316,0.02525015,AT1G71960,ATP-binding casette family G25,130.3582645,133.6314823,144.9404816,273.475297,205.9421896,656.0659358
Soltu.DM.11G012050,3.016711433,0.001336403,AT3G51680,NAD(P)-binding Rossmann-fold superfamily protein,5.062456873,3.573034285,8.361950859,84.29033126,17.72202818,34.34151027
Soltu.DM.11G012620,3.715039147,0.040954832,AT1G22600,Late embryogenesis abundant protein (LEA) family protein,2.531228436,3.573034285,2.787316953,31.84301403,6.1110442,80.13019064
Soltu.DM.11G012900,1.207970346,0.024241305,AT1G53920,GDSL-motif lipase,68.34316778,72.88989941,135.1848722,252.8709938,229.1641575,154.5367962
Soltu.DM.11G015740,1.201796202,0.032149108,,hypothetical protein,16.45298484,18.57977828,13.93658477,54.3204357,25.05528122,40.78054345
Soltu.DM.11G017830,1.237856389,0.045669423,AT4G12070,conserved hypothetical protein,30.37474124,38.58877028,52.95902211,131.1182931,99.61002047,59.38219485
Soltu.DM.11G017890,2.000186778,0.045669423,AT1G51140,basic helix-loop-helix (bHLH) DNA-binding superfamily protein,210.0919602,249.3977931,381.8624226,1286.832391,414.9399012,1663.416904
Soltu.DM.11G019350,1.141344462,0.007602063,AT5G39680,Pentatricopeptide repeat (PPR) superfamily protein,41.7652692,46.4494457,41.8097543,127.3720561,80.66578345,86.56922381
Soltu.DM.11G019660,1.770943431,0.004692135,AT5G13870,xyloglucan endotransglucosylase/hydrolase,25.31228436,20.008992,30.66048648,106.7677529,49.49945802,102.3090827
Soltu.DM.11G021100,-1.129835563,0.035357249,AT3G50740,UDP-glucosyl transferase 72E1,115.1708939,96.47192569,83.61950859,44.95484334,37.27736962,52.94316167
Soltu.DM.11G021630,1.266873131,0.003007125,AT2G27610,Tetratricopeptide repeat (TPR)-like superfamily protein,37.96842654,57.16854856,33.44780344,110.5139899,108.1654823,98.73184204
Soltu.DM.11G022120,1.529451848,0.019801631,AT2G27310,F-box family protein,29.10912702,24.29663314,32.05414496,63.68602806,127.1097194,51.51226541
Soltu.DM.11G022320,1.609358938,0.004550466,AT2G35940,BEL1-like homeodomain,398.6684787,506.6562616,850.1316707,2309.555076,1874.868361,1171.18859
Soltu.DM.11G022470,2.459563201,0.008216836,AT2G28085,SAUR-like auxin-responsive protein family ,13.9217564,9.289889141,5.574633906,46.82796181,15.88871492,95.87004951
Soltu.DM.11G023020,1.495873585,0.046987336,AT3G45210,Protein of unknown function DUF584,388.543565,430.9079348,751.1819188,1489.129186,859.2128146,2079.092268
Soltu.DM.11G024620,3.269169162,0.022403875,AT5G42380,calmodulin like,7.593685309,32.87191542,51.56536363,93.65592362,59.88823316,731.9034377
Soltu.DM.12G002070,3.681881025,0.033208408,,Late embryogenesis abundant protein (LEA) family protein,0.0,10.004496,20.90487715,91.78280515,29.33301216,273.3011859
Soltu.DM.12G003740,1.048773232,0.000152764,AT2G03880,Pentatricopeptide repeat (PPR) superfamily protein,86.06176683,80.75057484,96.16243488,219.1548613,179.6646995,149.5286593
Soltu.DM.12G004870,-1.761710699,0.000841312,AT1G42430,conserved hypothetical protein,53.15579716,46.4494457,43.20341277,13.11182931,18.94423702,9.300825699
Soltu.DM.12G005300,2.280166752,0.025363196,AT1G75380,bifunctional nuclease in basal defense response,1023.881902,1457.083381,2509.978916,14572.86172,5538.439359,4132.428403
Soltu.DM.12G005570,1.412273089,0.048955754,AT5G66850,mitogen-activated protein kinase kinase kinase,131.6238787,123.6269863,142.1531646,348.4000359,198.6089365,510.1145172
Soltu.DM.12G006170,1.901163197,0.02525015,AT1G27730,zinc-finger protein,6.328071091,8.575282284,18.11756019,35.58925097,34.83295194,49.36592102
Soltu.DM.12G006210,1.095346123,0.014893521,AT3G01400,ARM repeat superfamily protein,58.21825403,62.17079656,91.98145945,144.2301224,96.55449837,209.6263023
Soltu.DM.12G009420,2.473512604,0.034088872,AT4G36220,Cytochrome P450 superfamily protein,10.12491375,6.431461713,15.33024324,89.90968667,57.44381548,27.9024771
Soltu.DM.12G011380,1.598177756,0.015000048,AT5G61820,Stress up-regulated Nod 19 domain containing protein,73.40562465,139.3483371,220.1980393,653.7183469,424.1064675,235.382435
Soltu.DM.12G011640,2.309280571,0.026500174,AT2G01670,nudix hydrolase homolog,12.65614218,16.43595771,51.56536363,179.8193733,72.11032157,144.5205224
Soltu.DM.12G015680,1.863648212,0.01529748,AT1G08570,atypical CYS  HIS rich thioredoxin,1130.193497,1312.018189,2149.021371,4776.452105,2297.141515,9632.078184
Soltu.DM.12G022800,3.409300353,0.008233897,AT5G44210,erf domain protein,79.73369574,75.03371998,91.98145945,1043.326989,108.7765868,1468.815012
Soltu.DM.12G022930,1.92833244,0.002369879,AT2G34930,disease resistance family protein / LRR family protein,6.328071091,7.14606857,9.755609336,31.84301403,32.99963868,22.89434018
Soltu.DM.12G022940,1.636486605,0.014007368,AT2G25470,receptor like protein,10.12491375,15.72135085,18.11756019,37.46236945,55.61050222,42.21143971
Soltu.DM.12G022990,-1.039203598,0.009378109,AT4G27310,B-box type zinc finger family protein,393.6060218,318.7146582,239.709258,118.0064638,129.5541371,211.7726467
Soltu.DM.12G023800,1.674110746,3.73e-09,AT3G07650,CONSTANS-like,926.4296077,1075.48332,890.5477665,4014.092886,3529.73913,1700.620207
Soltu.DM.12G023800,1.674110746,3.73e-09,AT3G07650,B-box type zinc finger protein with CCT domain,926.4296077,1075.48332,890.5477665,4014.092886,3529.73913,1700.620207
Soltu.DM.12G023820,1.477254423,0.036933041,,hypothetical protein,43.03088342,47.16405256,85.01316707,183.5656103,109.3876912,193.1709953
Soltu.DM.12G024590,-1.036437664,0.014177261,AT5G08020,Replication factor-A protein 1-related,107.5772085,80.03596798,71.0765823,28.09677709,51.33277128,41.49599158
Soltu.DM.12G024950,2.397793602,0.004465621,AT3G24520,heat shock transcription factor  C1,210.0919602,241.5371177,439.0024201,1417.950684,597.6601228,2674.345113
Soltu.DM.12G025220,4.566364101,0.004623866,AT1G77210,sugar transporter,1.265614218,2.858427428,1.393658477,76.79785737,42.7773094,19.31709953
Soltu.DM.12G025510,1.439325098,0.031862293,,hypothetical protein,265.7789858,351.5865736,660.5941179,1477.890475,907.4900638,1079.611229
Soltu.DM.12G025630,2.483903817,0.003007125,AT4G29190,CCCH-type zinc finger family protein,132.8894929,112.9078834,114.2799951,580.6667264,177.8313862,1254.896021
Soltu.DM.12G025910,1.724759996,0.011850001,AT4G33050,calmodulin-binding family protein,8.859299527,24.29663314,20.90487715,67.43226501,78.22136577,37.2033028
Soltu.DM.12G027450,1.154957493,0.031149936,,hypothetical protein,37.96842654,60.02697599,93.37511793,181.6924918,129.5541371,116.6180453
Soltu.DM.12G027830,1.029426172,0.017492486,AT2G25620,DNA-binding protein phosphatase,341.7158389,426.6202936,250.8585258,625.6215698,546.9384559,912.1963666
Soltu.DM.12G027980,-2.000008364,0.027903068,AT3G49190,O-acyltransferase (WSD1-like) family protein,846.6959119,862.5304764,780.4487469,44.95484334,352.6072504,221.0734724
Soltu.DM.12G029330,3.377650895,0.015000048,AT4G27410,NAC (No Apical Meristem) domain transcriptional regulator superfamily protein,98.71790901,203.6629542,314.9668157,1328.040997,436.3285559,4650.41285
