Class,healthy_khat_chewers,healthy_non_khat,khat_chewing_HBV_patients,non_khat_HBV_patients
Actinobacteria,3.43,4.38,1.98,2.25
Alphaproteobacteria,0.0,0.0,2.72,2.02
Bacilli,5.3,6.47,2.28,2.9
Bacteroidia,23.02,28.45,23.8,26.36
Campylobacteria,0.0,0.0,0.0,0.26
Clostridia,59.57,54.81,51.77,56.52
Deltaproteobacteria,0.0,0.0,0.55,0.29
Elusimicrobia,0.0,0.0,0.0,1.69
Erysipelotrichia,0.0,1.91,0.0,1.24
Gammaproteobacteria,3.88,2.54,7.47,3.45
Lentisphaeria,0.0,0.0,0.63,0.0
Melainabacteria,0.79,0.0,1.51,0.0
Methanobacteria,0.0,0.0,0.52,0.0
Mollicutes,0.0,0.0,1.67,0.0
Negativicutes,3.15,1.43,5.11,3.03
Oxyphotobacteria,0.85,0.0,0.0,0.0
