Family,healthy_khat_chewers,healthy_non_khat,khat_chewing_HBV_patients,non_khat_HBV_patients
Acidaminococcaceae,0.0,0.18,0.0,0.0
Ambiguous_taxa,0.06,0.0,0.52,0.0
Bacteroidaceae,1.71,3.1,6.84,5.76
Barnesiellaceae,0.0,0.0,1.04,0.0
Bifidobacteriaceae,3.51,4.39,1.98,2.25
Burkholderiaceae,1.36,0.0,2.2,0.42
Campylobacteraceae,0.0,0.0,0.0,0.26
Christensenellaceae,0.0,0.0,1.1,0.0
Clostridiaceae 1,5.05,3.78,4.17,2.47
Clostridiales vadinBB60 group,0.06,0.0,1.81,2.25
Desulfovibrionaceae,0.0,0.0,0.55,0.29
Elusimicrobiaceae,0.0,0.0,0.0,1.69
Enterobacteriaceae,0.32,0.0,2.06,1.4
Erysipelotrichaceae,0.0,1.91,0.0,1.24
Lachnospiraceae,30.8,30.01,16.17,22.19
Lactobacillaceae,3.92,5.99,0.0,0.98
Leuconostocaceae,0.0,0.5,0.0,0.0
Methanobacteriaceae,0.0,0.0,0.52,0.0
Muribaculaceae,0.0,0.0,0.0,0.78
Pasteurellaceae,0.0,0.0,0.58,0.0
Peptostreptococcaceae,0.0,0.0,0.55,0.0
Prevotellaceae,21.84,23.0,14.8,17.47
Rikenellaceae,0.0,2.44,0.0,1.66
Ruminococcaceae,25.03,21.17,27.97,29.61
Streptococcaceae,1.51,0.0,2.28,1.92
Succinivibrionaceae,2.29,2.55,2.64,1.63
Tannerellaceae,0.0,0.0,0.77,0.68
Veillonellaceae,1.89,0.98,5.11,3.03
Victivallaceae,0.0,0.0,0.63,0.0
gut metagenome,0.0,0.0,0.6,0.0
uncultured,0.0,0.0,3.07,2.02
uncultured bacterium,0.67,0.0,2.06,0.0
