Family,healthy,HBV_patients
Acidaminococcaceae,0.1,0.0
Ambiguous_taxa,0.03,0.28
Bacteroidaceae,2.49,6.34
Barnesiellaceae,0.0,0.57
Bifidobacteriaceae,4.01,2.1
Burkholderiaceae,0.6,1.38
Campylobacteraceae,0.0,0.12
Christensenellaceae,0.0,0.6
Clostridiaceae 1,4.34,3.39
Clostridiales vadinBB60 group,0.03,2.01
Desulfovibrionaceae,0.0,0.43
Elusimicrobiaceae,0.0,0.77
Enterobacteriaceae,0.14,1.76
Erysipelotrichaceae,1.07,0.57
Lachnospiraceae,30.36,18.92
Lactobacillaceae,5.08,0.45
Leuconostocaceae,0.28,0.0
Methanobacteriaceae,0.0,0.28
Muribaculaceae,0.0,0.36
Pasteurellaceae,0.0,0.31
Peptostreptococcaceae,0.0,0.3
Prevotellaceae,22.49,16.02
Rikenellaceae,1.36,0.76
Ruminococcaceae,22.87,28.72
Streptococcaceae,0.66,2.11
Succinivibrionaceae,2.44,2.17
Tannerellaceae,0.0,0.73
Veillonellaceae,1.38,4.15
Victivallaceae,0.0,0.34
gut metagenome,0.0,0.33
uncultured,0.0,2.59
uncultured bacterium,0.29,1.12
