Genus,healthy_khat_chewers,healthy_non_khat,khat_chewing_HBV_patients,non_khat_HBV_patients
Acidaminococcus,0.0,0.2,0.0,0.0
Agathobacter,5.69,4.12,0.89,1.84
Alistipes,0.0,2.66,0.0,0.1
Alloprevotella,5.01,3.77,2.27,2.52
Ambiguous_taxa,0.06,0.0,0.55,0.0
Anaerostipes,2.8,3.65,0.11,1.47
Bacteroides,1.84,3.37,7.16,6.04
Barnesiella,0.0,0.0,0.66,0.0
Bifidobacterium,3.76,4.79,2.07,2.35
Blautia,2.55,2.68,5.26,4.26
Butyricicoccus,0.59,0.0,0.0,0.0
Butyrivibrio,3.3,0.94,0.0,1.02
Campylobacter,0.0,0.0,0.0,0.27
Christensenellaceae R-7 group,0.0,0.0,1.15,0.0
Clostridium sensu stricto 1,4.73,4.12,1.29,0.24
Coprobacter,0.0,0.0,0.29,0.0
Coprococcus 1,0.0,0.0,0.95,0.0
Coprococcus 2,1.93,0.0,0.0,0.0
Coprococcus 3,0.0,0.0,0.0,0.82
Desulfovibrio,0.0,0.0,0.57,0.31
Dialister,0.59,0.0,2.87,2.59
Dorea,0.59,0.45,1.24,3.17
Elusimicrobium,0.0,0.0,0.0,1.77
Erysipelotrichaceae UCG-004,0.0,0.0,0.0,0.07
Escherichia-Shigella,0.0,0.0,1.44,0.65
Faecalibacterium,7.65,6.33,11.15,11.29
Faecalitalea,0.0,0.45,0.0,0.0
Fusicatenibacter,1.74,1.34,0.0,0.0
Haemophilus,0.0,0.0,0.6,0.0
Holdemanella,0.0,1.19,0.0,0.58
Klebsiella,0.34,0.0,0.72,0.82
Lachnoclostridium,1.18,0.0,0.0,0.0
Lachnoclostridium 12,1.12,0.0,0.0,0.0
Lachnospira,1.21,0.87,0.0,0.31
Lachnospiraceae ND3007 group,0.22,0.0,2.67,2.73
Lachnospiraceae NK4A136 group,0.0,2.33,0.0,1.91
Lactobacillus,4.2,6.53,0.0,1.02
Megamonas,0.0,0.0,0.09,0.0
Megasphaera,1.0,0.0,1.9,0.0
Methanobrevibacter,0.0,0.0,0.55,0.0
Mitsuokella,0.44,0.79,0.0,0.0
Parabacteroides,0.0,0.0,0.8,0.72
Parasutterella,0.0,0.0,0.66,0.0
Prevotella 2,0.9,1.07,2.39,4.06
Prevotella 7,0.0,0.0,3.42,1.57
Prevotella 9,16.89,20.22,7.42,7.78
Rikenellaceae RC9 gut group,0.0,0.0,0.0,1.64
Roseburia,0.0,2.75,0.0,0.14
Ruminiclostridium 5,0.56,0.0,0.0,0.0
Ruminiclostridium 6,0.0,0.6,0.0,2.69
Ruminococcaceae UCG-002,2.49,1.41,3.59,5.22
Ruminococcaceae UCG-005,0.0,1.56,0.0,0.82
Ruminococcaceae UCG-008,0.53,0.0,0.6,0.0
Ruminococcaceae UCG-010,0.0,0.0,2.07,1.5
Ruminococcaceae UCG-014,2.58,0.84,5.69,0.0
Ruminococcus 1,1.15,2.31,0.0,0.78
Ruminococcus 2,4.17,3.2,0.66,0.82
Sarcina,0.68,0.0,3.08,2.35
Solobacterium,0.0,0.0,0.0,0.65
Streptococcus,1.62,0.0,2.39,2.01
Subdoligranulum,4.45,5.19,1.81,2.83
Succinivibrio,2.46,2.78,2.76,1.57
Sutterella,1.46,0.0,1.64,0.44
Terrisporobacter,0.0,0.0,0.57,0.0
Turicibacter,0.0,0.45,0.0,0.0
Tyzzerella 4,0.0,0.0,0.75,0.0
Veillonella,0.0,0.27,0.49,0.58
Victivallis,0.0,0.0,0.66,0.0
Weissella,0.0,0.55,0.0,0.0
[Bacteroides] pectinophilus group,0.0,0.0,0.29,0.0
[Eubacterium] coprostanoligenes group,1.52,1.51,3.71,5.08
[Eubacterium] hallii group,1.34,1.74,0.0,0.41
[Eubacterium] ruminantium group,0.0,0.0,0.89,0.72
[Ruminococcus] torques group,2.33,2.98,0.83,0.78
gut metagenome,0.0,0.0,0.63,0.0
metagenome,0.0,0.0,0.0,0.82
uncultured,1.56,0.0,0.14,2.52
uncultured bacterium,0.78,0.0,5.61,3.34
