Order,healthy,HBV_patients
,0.73,0.0
Aeromonadales,2.41,2.17
Bacteroidales,26.04,24.97
Betaproteobacteriales,0.59,1.38
Bifidobacteriales,3.96,2.1
Campylobacterales,0.0,0.12
Chloroplast,0.38,0.0
Clostridiales,56.93,53.95
Desulfovibrionales,0.0,0.43
Elusimicrobiales,0.0,0.77
Enterobacteriales,0.14,1.76
Erysipelotrichales,1.06,0.57
Gastranaerophilales,0.35,0.82
Izimaplasmatales,0.0,0.91
Lactobacillales,5.95,2.56
Methanobacteriales,0.0,0.28
Pasteurellales,0.0,0.31
Rhodospirillales,0.0,2.4
Selenomonadales,1.46,4.15
Victivallales,0.0,0.34
