Order,healthy_khat_chewers,healthy_non_khat,khat_chewing_HBV_patients,non_khat_HBV_patients
,1.3,0.27,0.0,0.0
Aeromonadales,2.24,2.54,2.64,1.63
Bacteroidales,23.02,28.45,23.8,26.36
Betaproteobacteriales,1.33,0.0,2.2,0.42
Bifidobacteriales,3.43,4.38,1.98,2.25
Campylobacterales,0.0,0.0,0.0,0.26
Chloroplast,0.85,0.0,0.0,0.0
Clostridiales,59.57,54.81,51.77,56.52
Desulfovibrionales,0.0,0.0,0.55,0.29
Elusimicrobiales,0.0,0.0,0.0,1.69
Enterobacteriales,0.31,0.0,2.06,1.4
Erysipelotrichales,0.0,1.91,0.0,1.24
Gastranaerophilales,0.79,0.0,1.51,0.0
Izimaplasmatales,0.0,0.0,1.67,0.0
Lactobacillales,5.3,6.47,2.28,2.9
Methanobacteriales,0.0,0.0,0.52,0.0
Pasteurellales,0.0,0.0,0.58,0.0
Rhodospirillales,0.0,0.0,2.72,2.02
Selenomonadales,1.84,1.16,5.11,3.03
Victivallales,0.0,0.0,0.63,0.0
